epShort,samplingStartDate,plot,treeTagNo,scientificName,dbh_in,ht_ft,htlc_ft,cbh_ft,status,crownScorch_%,maxScorchHt_ft,minBoleChar_ft,maxBoleChar_ft,burnSeverity
PRE,10-Sep-16,1,910,Pinus ponderosa,24.5,90,32,29,L,100,90,1,9,3
PRE,12-Sep-16,7,45,Pseudotsuga menziesii,24.4,116,36,9,L,100,116,12,65,3
PRE,10-Sep-16,5,927,Pinus ponderosa,23.3,49,38,32,L,100,49,1,7,3
PRE,12-Sep-16,7,41,Pseudotsuga menziesii,23,108,36,23,L,100,108,8,38,3
PRE,12-Sep-16,7,40,Pseudotsuga menziesii,19.5,106,51,38,L,100,106,12,32,3
PRE,12-Sep-16,7,42,Pseudotsuga menziesii,16.8,104,33,12,L,100,104,14,40,3
PRE,20-Sep-16,9,480,Pseudotsuga menziesii,16,60,22,8,L,100,60,35,43,3
PRE,20-Sep-16,15,149,Pseudotsuga menziesii,16,62,27,4,L,100,62,20,38,3
PRE,12-Sep-16,7,43,Pseudotsuga menziesii,13.8,45,25,2,L,100,45,7,25,3
PRE,12-Sep-16,7,39,Pinus ponderosa,13.3,86,40,33,L,100,86,0.1,21,3
PRE,20-Sep-16,15,148,Pinus ponderosa,12.5,69,41,30,L,100,69,69,69,3
PRE,20-Sep-16,11,498,Pseudotsuga menziesii,12,60,37,20,L,100,60,5,14,3
PRE,20-Sep-16,15,169,Pseudotsuga menziesii,11.9,64,21,21,L,100,64,0.1,64,3
PRE,12-Sep-16,7,44,Pinus ponderosa,11.4,36,15,6,L,100,36,2,23,3
PRE,20-Sep-16,11,2420,Pseudotsuga menziesii,11.1,62,27,14,L,100,62,5,11,3
PRE,20-Sep-16,15,152,Pseudotsuga menziesii,10.6,47,9,10,L,100,47,12,13,3
PRE,20-Sep-16,15,166,Pseudotsuga menziesii,10.1,45,16,1,L,100,45,45,45,3
PRE,20-Sep-16,7,432,Pinus ponderosa,9.6,27,11,11,L,100,27,0.1,5,3
PRE,20-Sep-16,11,2421,Pseudotsuga menziesii,9.3,45,21,4,L,100,45,6,11,3
PRE,20-Sep-16,11,2428,Pseudotsuga menziesii,9.3,51,19,6,L,100,51,4,10,3
PRE,20-Sep-16,11,499,Abies grandis,9.1,48,30,6,L,100,48,3,9,3
PRE,20-Sep-16,11,2444,Pseudotsuga menziesii,8.7,35,17,6,L,100,35,1,10,3
PRE,20-Sep-16,11,487,Pseudotsuga menziesii,8.4,65,40,22,L,100,65,7,14,3
PRE,12-Sep-16,7,47,Pinus ponderosa,7.6,58,34,34,L,100,58,3,28,3
PRE,20-Sep-16,11,494,Pseudotsuga menziesii,7.4,48,27,4,L,100,48,2,10,3
PRE,20-Sep-16,15,151,Pseudotsuga menziesii,7.3,43,1,1,L,100,43,7,13,3
PRE,20-Sep-16,11,2424,Pseudotsuga menziesii,7.2,46,16,6,L,100,46,4,9,3
PRE,20-Sep-16,5,421,Pseudotsuga menziesii,7.1,35,6,1,L,100,35,3,21,3
PRE,20-Sep-16,11,2432,Pseudotsuga menziesii,7.1,51,26,8,L,100,51,3,9,3
PRE,20-Sep-16,5,418,Pinus ponderosa,7,36,19,19,L,100,36,23,30,3
PRE,20-Sep-16,9,485,Pseudotsuga menziesii,7,38,23,9,L,100,38,38,38,3
PRE,12-Sep-16,7,38,Pseudotsuga menziesii,6.6,40,5,1,L,100,40,2,8,3
PRE,20-Sep-16,9,482,Pseudotsuga menziesii,6.2,41,29,6,L,100,41,41,41,4
PRE,20-Sep-16,15,168,Pseudotsuga menziesii,5.8,24,5,5,L,100,24,0.1,10,3
PRE,20-Sep-16,11,2448,Abies grandis,5.6,29,12,1,L,100,49,0.1,10,3
PRE,20-Sep-16,9,476,Pseudotsuga menziesii,5.5,34,21,8,L,100,34,3,16,3
PRE,20-Sep-16,5,417,Pseudotsuga menziesii,5.4,23,1,1,L,100,23,2,23,3
PRE,20-Sep-16,5,412,Pseudotsuga menziesii,5.4,27,3,1,L,100,27,0.1,2,3
PRE,20-Sep-16,5,419,Pseudotsuga menziesii,5.4,41,5,5,L,100,41,24,32,3
PRE,20-Sep-16,9,479,Pseudotsuga menziesii,5.4,35,21,6,L,100,35,6,17,3
PRE,20-Sep-16,11,2418,Abies grandis,5.2,24,19,6,L,100,29,3,9,3
PRE,20-Sep-16,11,495,Pseudotsuga menziesii,5.1,32,15,6,L,100,32,4,12,3
PRE,20-Sep-16,9,483,Pseudotsuga menziesii,5,33,16,7,L,100,33,33,33,3
PRE,12-Sep-16,17,140,Pseudotsuga menziesii,4.9,36,5,3,L,100,36,1,3,3
PRE,20-Sep-16,11,2436,Pseudotsuga menziesii,4.8,41,21,8,L,100,41,3,8,3
PRE,20-Sep-16,9,486,Pseudotsuga menziesii,4.5,8,1,1,L,100,8,6,7,3
PRE,20-Sep-16,11,2416,Abies grandis,4.5,33,21,8,L,100,33,3,9,3
PRE,20-Sep-16,5,415,Pseudotsuga menziesii,4.4,25,5,3,L,100,25,1,5,3
PRE,20-Sep-16,11,490,Pseudotsuga menziesii,4.4,39,28,6,L,100,39,4,9,3
PRE,12-Sep-16,5,1351,Abies grandis,4.2,23,8,6,L,100,23,2,5,3
PRE,10-Sep-16,3,916,Pseudotsuga menziesii,4.2,23,3,3,L,100,23,3,4,3
PRE,20-Sep-16,11,2433,Pseudotsuga menziesii,4.1,22,12,8,L,100,22,5,8,3
PRE,20-Sep-16,1,291,Abies grandis,4,19,6,4,L,100,19,1,2,3
PRE,20-Sep-16,9,478,Pseudotsuga menziesii,4,25,17,9,L,100,25,4,14,3
PRE,20-Sep-16,7,439,Pseudotsuga menziesii,3.9,23,8,1,L,100,23,1,4,3
PRE,20-Sep-16,19,190,Pseudotsuga menziesii,3.8,26,6,1,L,100,26,0.1,5,3
PRE,10-Sep-16,3,917,Pinus ponderosa,3.8,17,10,10,L,100,17,1,2,3
PRE,20-Sep-16,11,492,Pseudotsuga menziesii,3.7,35,21,12,L,100,35,3,11,3
PRE,20-Sep-16,11,2426,Pseudotsuga menziesii,3.7,23,16,5,L,100,23,2,7,3
PRE,12-Sep-16,15,72,Pseudotsuga menziesii,3.7,17,8,6,L,100,17,5,5,3
PRE,20-Sep-16,9,477,Pseudotsuga menziesii,3.6,26,17,5,L,100,26,4,14,3
PRE,20-Sep-16,3,408,Abies grandis,3.4,18,3,2,L,100,18,0.1,1,3
PRE,20-Sep-16,9,465,Pseudotsuga menziesii,3.4,29,17,7,L,100,29,0.1,0.1,2
PRE,20-Sep-16,9,468,Pseudotsuga menziesii,3.4,23,17,8,L,100,23,0.1,4,3
PRE,20-Sep-16,11,2441,Pseudotsuga menziesii,3.4,30,18,8,L,100,30,3,8,3
PRE,20-Sep-16,1,406,Pinus ponderosa,3.3,18,15,7,L,100,18,3,4,3
PRE,20-Sep-16,11,497,Abies grandis,3.3,22,18,9,L,100,22,2,4,3
PRE,20-Sep-16,11,2417,Pseudotsuga menziesii,3.3,20,,16,D,100,20,4,6,3
PRE,12-Sep-16,5,1355,Abies grandis,3.3,14,9,7,L,100,14,4,5,3
PRE,20-Sep-16,5,423,Pseudotsuga menziesii,3.2,15,3,1,L,100,15,2,6,3
PRE,20-Sep-16,7,441,Pseudotsuga menziesii,3.2,18,6,1,L,100,18,3,6,3
PRE,20-Sep-16,11,2449,Pseudotsuga menziesii,3.2,31,26,8,L,100,31,7,9,3
PRE,20-Sep-16,11,2427,Pseudotsuga menziesii,3.2,16,7,3,L,100,16,4,6,3
PRE,12-Sep-16,5,1353,Abies grandis,3.2,12,,6,D,100,12,3,7,3
PRE,20-Sep-16,9,481,Abies grandis,3.1,21,10,2,L,100,21,21,21,4
PRE,20-Sep-16,11,200,Pseudotsuga menziesii,3.1,21,17,12,L,100,21,3,6,3
PRE,20-Sep-16,11,2422,Pseudotsuga menziesii,3.1,18,11,6,L,100,18,5,6,3
PRE,20-Sep-16,11,488,Pseudotsuga menziesii,3.1,34,23,15,L,100,34,4,10,3
PRE,20-Sep-16,13,2454,Pinus ponderosa,3.1,18,13,5,L,100,18,0.1,1,3
PRE,20-Sep-16,13,2479,Pinus ponderosa,3.1,20,13,3,L,100,20,0.1,6,3
PRE,20-Sep-16,15,154,Pinus ponderosa,3.1,16,9,4,L,100,16,0.1,0.1,3
PRE,12-Sep-16,5,1354,Abies grandis,3.1,12,,7,D,100,12,4,8,3
PRE,10-Sep-16,1,906,Pinus ponderosa,3.1,13,6,4,L,100,13,1,8,3
PRE,20-Sep-16,15,155,Pinus ponderosa,2.9,11,7,5,L,100,11,0.1,0.1,3
PRE,12-Sep-16,5,1358,Pinus ponderosa,2.8,23,13,6,L,100,23,0.1,7,3
PRE,12-Sep-16,7,46,Pinus ponderosa,2.8,20,0,,D,100,20,20,20,5
PRE,10-Sep-16,7,939,Pseudotsuga menziesii,2.8,13,1,1,L,100,13,0.1,2,3
PRE,12-Sep-16,15,56,Abies grandis,2.7,12,2,1,L,100,12,0.1,2,3
PRE,12-Sep-16,19,146,Pinus ponderosa,2.7,23,11,11,L,100,23,1,6,3
PRE,12-Sep-16,5,29,Pseudotsuga menziesii,2.6,16,4,3,L,100,16,3,4,3
PRE,12-Sep-16,17,129,Pseudotsuga menziesii,2.5,25,,6,D,100,25,4,8,3
PRE,12-Sep-16,5,36,Pseudotsuga menziesii,2.3,17,3,2,L,100,17,3,4,3
PRE,12-Sep-16,15,105,Abies grandis,2.3,14,11,7,L,100,14,1,2,3
PRE,20-Sep-16,11,493,Pseudotsuga menziesii,2.2,18,8,4,L,100,18,3,9,3
PRE,12-Sep-16,15,103,Pseudotsuga menziesii,2.1,10,6,3,L,100,10,1,4,3
PRE,12-Sep-16,19,148,Pseudotsuga menziesii,2.1,13,4,3,L,100,13,4,6,3
PRE,17-Aug-16,13,470,Pseudotsuga menziesii,2.1,10,5,2.5,L,100,10,3,4,3
PRE,17-Aug-16,19,3661,Pseudotsuga menziesii,2.1,11,6,1.5,L,100,11,0.1,0.1,3
PRE,20-Sep-16,11,491,Pseudotsuga menziesii,2,16,11,6,L,100,16,5,7,3
PRE,10-Sep-16,5,924,Pinus ponderosa,2,10,5,5,L,100,10,3,6,3
PRE,12-Sep-16,17,115,Pinus ponderosa,1.9,11,6,6,L,100,11,3,10,3
PRE,20-Sep-16,17,175,Acer macrophyllum,1.8,20,6,3,L,100,20,1,2,3
PRE,12-Sep-16,5,30,Pseudotsuga menziesii,1.8,13,1,1,L,100,13,3,4,3
PRE,12-Sep-16,15,101,Abies grandis,1.8,7,3,2,L,100,7,1,3,3
PRE,10-Sep-16,1,909,Pseudotsuga menziesii,1.8,7,0,0,L,100,7,1,2,3
PRE,20-Sep-16,9,453,Abies grandis,1.7,9,4,1,L,100,9,0.1,9,3
PRE,20-Sep-16,13,2475,Abies grandis,1.7,9,5,1,L,100,9,9,9,5
PRE,12-Sep-16,11,51,Pinus ponderosa,1.7,8,1,1,L,100,8,0.1,3,3
PRE,12-Sep-16,17,136,Pseudotsuga menziesii,1.7,18,7,5,L,100,18,1,2,3
PRE,12-Sep-16,5,1352,Abies grandis,1.6,10,,5,D,100,10,2,3,3
PRE,12-Sep-16,17,131,Pseudotsuga menziesii,1.6,14,10,4,L,100,14,2,3,3
PRE,10-Sep-16,11,994,Pseudotsuga menziesii,1.6,12,1,0,L,100,12,1,2,3
PRE,20-Sep-16,5,413,Pseudotsuga menziesii,1.5,11,6,2,L,100,11,0.1,2,3
PRE,12-Sep-16,15,110,Abies grandis,1.5,10,5,1,L,100,10,0.1,1,3
PRE,12-Sep-16,15,107,Pseudotsuga menziesii,1.5,11,6,4,L,100,11,0.1,1,3
PRE,10-Sep-16,11,3546,Pinus contorta var. latifolia,1.5,11,1,1,L,100,11,0.1,0.1,3
PRE,12-Sep-16,5,33,Pseudotsuga menziesii,1.4,9,2,2,L,100,9,6,6,3
PRE,12-Sep-16,15,111,Pseudotsuga menziesii,1.4,12,7,6,L,100,12,3,4,3
PRE,10-Sep-16,1,903,Pseudotsuga menziesii,1.4,9,1,1,L,100,9,2,6,3
PRE,10-Sep-16,11,3541,Pinus contorta var. latifolia,1.4,11,1,1,L,100,11,0.1,1,3
PRE,10-Sep-16,11,3523,Pseudotsuga menziesii,1.4,8,1,1,L,100,8,1,1,3
PRE,10-Sep-16,15,3597,Pinus ponderosa,1.4,7,6,5,L,100,7,0.1,1,3
PRE,12-Sep-16,15,77,Pseudotsuga menziesii,1.3,10,5,1,L,100,10,0,0.1,3
PRE,20-Sep-16,11,2437,Pseudotsuga menziesii,1.2,9,7,5,L,100,9,2,5,3
PRE,12-Sep-16,15,75,Pseudotsuga menziesii,1.2,7,4,2,L,100,7,0,0.1,3
PRE,12-Sep-16,17,124,Pseudotsuga menziesii,1.2,21,12,5,L,100,21,2,5,3
PRE,10-Sep-16,7,941,Pseudotsuga menziesii,1.2,7,2,2,L,100,7,0.1,0.1,3
PRE,10-Sep-16,11,3538,Pinus contorta var. latifolia,1.2,9,1,1,L,100,9,0.1,0.1,3
PRE,10-Sep-16,11,3532,Pinus contorta var. latifolia,1.2,9,1,1,L,100,9,1,1,3
PRE,12-Sep-16,1,1336,Pseudotsuga menziesii,1.1,9,2,1,L,100,9,1,3,3
PRE,12-Sep-16,15,74,Pseudotsuga menziesii,1.1,8,3,2,L,100,8,0,0.1,3
PRE,10-Sep-16,15,3594,Pinus ponderosa,1.1,8,7,6,L,100,8,0.1,2,3
PRE,20-Sep-16,1,290,Pseudotsuga menziesii,1,10,1,1,L,100,10,2,3,3
PRE,12-Sep-16,11,50,Pinus ponderosa,1,7,2,1,L,100,7,0.1,3,3
PRE,12-Sep-16,15,78,Pseudotsuga menziesii,1,8,4,2,L,100,8,0.1,0.1,3
PRE,10-Sep-16,1,902,Pinus ponderosa,1,7,4,3,L,100,7,1,3,3
PRE,10-Sep-16,1,907,Pseudotsuga menziesii,1,7,0,0,L,100,7,4.5,6,4
PRE,10-Sep-16,7,950,Pinus contorta var. latifolia,1,8,1,0,L,100,8,0.1,0.1,3
PRE,10-Sep-16,11,3529,Pseudotsuga menziesii,1,7,1,1,L,100,7,0.1,0.1,3
PRE,10-Sep-16,11,3552,Pseudotsuga menziesii,1,8,1,1,L,100,8,0.1,1,3
PRE,10-Sep-16,17,1221,Pinus contorta var. latifolia,1,8,3,1,L,100,8,0.1,0.1,3
PRE,20-Sep-16,5,414,Pseudotsuga menziesii,0.9,7,3,3,L,100,7,0.1,2,4
PRE,20-Sep-16,7,431,Pseudotsuga menziesii,0.9,11,1,1,L,100,11,1,1,3
PRE,20-Sep-16,13,2477,Abies grandis,0.9,7,4,1,L,100,7,7,7,5
PRE,20-Sep-16,13,2473,Abies grandis,0.9,6,4,1,L,100,6,6,6,5
PRE,10-Sep-16,11,985,Pseudotsuga menziesii,0.9,9,1,0,L,100,9,1,1,4
PRE,23-Sep-16,17,143,Pinus contorta var. latifolia,0.8,7,1,1,L,100,7,0.5,3,3
PRE,23-Sep-16,17,145,Pinus ponderosa,0.8,6,1,1,L,100,6,1,2,3
PRE,12-Sep-16,5,22,Pseudotsuga menziesii,0.8,8,2,1,L,100,8,3,4,3
PRE,12-Sep-16,17,117,Pseudotsuga menziesii,0.8,8,2,2,L,100,8,0.1,1,3
PRE,10-Sep-16,7,948,Pinus contorta var. latifolia,0.8,8,3,1,L,100,8,1,1,3
PRE,10-Sep-16,7,947,Pinus contorta var. latifolia,0.8,8,2,1,L,100,8,0.1,1,3
PRE,10-Sep-16,7,943,Pseudotsuga menziesii,0.8,8,1,1,L,100,8,0.1,0.1,3
PRE,10-Sep-16,11,986,Pseudotsuga menziesii,0.8,7,2,1,L,100,7,4,4,4
PRE,10-Sep-16,11,989,Pseudotsuga menziesii,0.8,7,1,0,L,100,7,2,2,4
PRE,20-Sep-16,19,,Pseudotsuga menziesii,0.7,8,4,4,L,100,8,0.1,1,3
PRE,23-Sep-16,17,144,Pinus ponderosa,0.7,6,1,1,L,100,6,0.5,1.5,3
PRE,12-Sep-16,5,31,Pseudotsuga menziesii,0.7,8,1,1,L,100,8,3,8,4
PRE,12-Sep-16,15,96,Pseudotsuga menziesii,0.7,6,4,4,L,100,6,0.1,1,3
PRE,10-Sep-16,7,946,Pinus contorta var. latifolia,0.7,7,2,1,L,100,7,0.1,0.1,3
PRE,10-Sep-16,7,945,Pinus contorta var. latifolia,0.7,7,1,0,L,100,7,0.1,0.1,3
PRE,17-Aug-16,11,448,Pinus contorta var. latifolia,0.7,6.7,1,1,L,100,6.7,0.5,1,3
PRE,12-Sep-16,5,34,Pseudotsuga menziesii,0.6,7,2,1,L,100,7,2,3,3
PRE,12-Sep-16,15,55,Abies grandis,0.6,6,1,1,L,100,6,1,2,3
PRE,10-Sep-16,7,949,Pinus contorta var. latifolia,0.6,6,1,1,L,100,6,0.1,0.1,3
PRE,10-Sep-16,11,3539,Abies grandis,0.6,6,1,1,L,100,6,0.1,0.1,3
PRE,10-Sep-16,11,3524,Pseudotsuga menziesii,0.6,7,1,1,L,100,7,2,2,4
PRE,10-Sep-16,11,3537,Pseudotsuga menziesii,0.6,7,1,1,L,100,7,0.1,0.1,3
PRE,10-Sep-16,15,1203,Pinus ponderosa,0.6,5,4,3,L,100,5,0.1,0.1,3
PRE,12-Sep-16,1,1339,Pseudotsuga menziesii,0.5,7,2,1,L,100,7,1,3,3
PRE,10-Sep-16,1,901,Pinus ponderosa,0.5,5,2,2,L,100,5,1,3,3
PRE,10-Sep-16,7,942,Pinus contorta var. latifolia,0.5,6,1,1,L,100,6,0.1,0.1,3
PRE,10-Sep-16,7,944,Pinus contorta var. latifolia,0.5,6,1,0,L,100,6,0.1,0.1,3
PRE,10-Sep-16,11,3534,Pinus contorta var. latifolia,0.5,7,1,1,L,100,7,0.1,0.1,3
PRE,10-Sep-16,11,3531,Pinus contorta var. latifolia,0.5,5,1,1,L,100,5,1,1,4
PRE,10-Sep-16,15,3580,Pinus ponderosa,0.5,6,4,3,L,100,6,0.1,0.1,3
PRE,10-Sep-16,17,1216,Pinus contorta var. latifolia,0.5,6,1,1,L,100,6,0.1,0.1,3
PRE,10-Sep-16,7,951,Pinus contorta var. latifolia,0.4,6,2,1,L,100,6,0.1,0.1,3
PRE,10-Sep-16,11,3533,Pinus contorta var. latifolia,0.4,6,1,1,L,100,6,0.1,0.1,3
PRE,10-Sep-16,11,3540,Pseudotsuga menziesii,0.4,6,1,1,L,100,6,0.1,0.1,3
PRE,10-Sep-16,13,3576,Pinus ponderosa,0.4,5,0,4,L,100,5,0,0.1,3
PRE,10-Sep-16,17,1217,Pinus contorta var. latifolia,0.4,6,1,0,L,100,6,0.1,0.1,3
PRE,10-Sep-16,19,1281,Pseudotsuga menziesii,0.4,6,1,1,L,100,6,0.1,1,3
PRE,20-Sep-16,19,,Salix scouleriana,0.3,7,1,1,L,100,7,0.1,1,3
PRE,12-Sep-16,1,1338,Pseudotsuga menziesii,0.3,5,3,1,L,100,5,1,2,3
PRE,10-Sep-16,11,3544,Abies grandis,0.3,5,1,1,L,100,5,0.1,0.1,3
PRE,10-Sep-16,11,3535,Abies grandis,0.3,5,1,1,L,100,5,0.1,0.1,3
PRE,10-Sep-16,11,1000,Abies grandis,0.3,6,1,1,L,100,6,0.1,0.1,3
PRE,10-Sep-16,11,3550,Abies grandis,0.3,5,1,1,L,100,5,0.1,0.1,3
PRE,10-Sep-16,11,3521,Pinus contorta var. latifolia,0.3,6,1,1,L,100,6,0.1,0.1,3
PRE,10-Sep-16,11,3549,Pseudotsuga menziesii,0.3,6,1,1,L,100,6,0.1,0.1,3
PRE,10-Sep-16,11,992,Pseudotsuga menziesii,0.3,5,1,0,L,100,5,1,1,3
PRE,10-Sep-16,11,3543,Pseudotsuga menziesii,0.3,6,1,1,L,100,6,0.1,0.1,3
PRE,10-Sep-16,11,3545,Pseudotsuga menziesii,0.3,5,1,1,L,100,5,0.1,0.1,3
PRE,10-Sep-16,17,1225,Pinus contorta var. latifolia,0.3,5,2,1,L,100,5,0.1,1,3
PRE,23-Sep-16,9,542,Pinus ponderosa,0.2,4.5,1,1,L,100,4.5,0.5,0.5,3
PRE,10-Sep-16,15,3593,Pseudotsuga menziesii,0.2,5,1,1,L,100,5,0.1,0.1,3
PRE,10-Sep-16,1,904,Pinus ponderosa,25.8,104,46,26,L,99,100,5,18,2
PRE,20-Sep-16,7,424,Pseudotsuga menziesii,4.6,16,3,1,L,99,15,2,4,2
PRE,10-Sep-16,17,1240,Pseudotsuga menziesii,1.5,8,1,1,L,99,8,0.1,2,2
PRE,10-Sep-16,11,3522,Pseudotsuga menziesii,0.6,6,1,1,L,99,6,1,1,2
PRE,20-Sep-16,11,2431,Pseudotsuga menziesii,13.7,77,15,9,L,98,77,4,11,2
PRE,20-Sep-16,11,2451,Pseudotsuga menziesii,13.7,71,45,21,L,98,71,10,24,2
PRE,20-Sep-16,11,2450,Pseudotsuga menziesii,11.8,75,43,33,L,98,75,8,10,2
PRE,12-Sep-16,17,120,Pinus ponderosa,7.8,26,23,6,L,98,26,2,13,2
PRE,20-Sep-16,9,475,Pseudotsuga menziesii,6,24,16,6,L,98,24,6,15,2
PRE,20-Sep-16,13,2483,Pinus ponderosa,5.4,31,13,3,L,98,31,0.1,7,2
PRE,20-Sep-16,9,474,Pseudotsuga menziesii,5.2,34,19,5,L,98,34,5,23,2
PRE,12-Sep-16,15,104,Pseudotsuga menziesii,3.7,25,12,7,L,98,25,2,4,2
PRE,20-Sep-16,13,2467,Pseudotsuga menziesii,3.4,24,12,3,L,98,24,0.1,1,2
PRE,12-Sep-16,15,106,Abies grandis,3.1,16,6,6,L,98,16,1,4,2
PRE,12-Sep-16,17,116,Pinus ponderosa,2.8,24,9,6,L,98,24,3,12,2
PRE,12-Sep-16,15,95,Pseudotsuga menziesii,1.5,13,8,6,L,98,13,0.1,2,2
PRE,10-Sep-16,1,905,Pinus ponderosa,25.9,94,41,22,L,95,86,5,17,2
PRE,10-Sep-16,3,918,Pinus ponderosa,15.1,71,35,25,L,95,65,1,9,2
PRE,20-Sep-16,11,2429,Pseudotsuga menziesii,14.3,74,33,13,L,95,74,4,10,2
PRE,10-Sep-16,17,1210,Pinus ponderosa,11,48,15,9,L,95,46,7,17,2
PRE,20-Sep-16,11,2443,Pseudotsuga menziesii,9.1,70,25,25,L,95,70,3,9,2
PRE,20-Sep-16,17,173,Pseudotsuga menziesii,8.8,28,7,4,L,95,28,2,9,2
PRE,20-Sep-16,17,172,Pseudotsuga menziesii,8.6,27,8,2,L,95,27,4,11,2
PRE,12-Sep-16,5,32,Pinus ponderosa,7.7,51,24,17,L,95,47,3,19,2
PRE,10-Sep-16,17,1243,Pinus ponderosa,6.4,32,11,9,L,95,28,5,13,2
PRE,20-Sep-16,13,2470,Pinus ponderosa,6.2,31,12,2,L,95,26,0,0.1,2
PRE,23-Sep-16,3,504,Pinus ponderosa,5.8,24,5,2,L,95,24,0,0.5,2
PRE,23-Sep-16,1,514,Pinus ponderosa,5.7,34,13,1,L,95,34,1.5,6,2
PRE,10-Sep-16,5,928,Pseudotsuga menziesii,5.7,24,4,2,L,95,22,6,6,2
PRE,12-Sep-16,15,82,Pseudotsuga menziesii,4.7,31,12,9,L,95,31,0,0,2
PRE,20-Sep-16,5,411,Pseudotsuga menziesii,4.5,31,3,1,L,95,29,0.1,3,2
PRE,20-Sep-16,11,2446,Pseudotsuga menziesii,4.5,31,21,9,L,95,31,1,4,2
PRE,20-Sep-16,13,2455,Pinus ponderosa,4.2,26,14,5,L,95,25,0.1,1,2
PRE,20-Sep-16,11,2453,Pseudotsuga menziesii,4,34,23,5,L,95,34,9,16,2
PRE,20-Sep-16,7,427,Pseudotsuga menziesii,3.4,23,4,1,L,95,21,0.1,3,2
PRE,12-Sep-16,15,109,Pseudotsuga menziesii,3.4,27,8,8,L,95,24,2,5,2
PRE,12-Sep-16,5,35,Pinus ponderosa,3,31,8,5,L,95,31,7,15,2
PRE,10-Sep-16,15,3596,Pinus ponderosa,1.8,8,7,7,L,95,8,0.1,1,2
PRE,12-Sep-16,15,94,Pseudotsuga menziesii,1.7,15,8,8,L,95,14,0.1,0.1,2
PRE,12-Sep-16,15,63,Pseudotsuga menziesii,1,10,5,4,L,95,10,0.1,1,2
PRE,10-Sep-16,11,3554,Pinus contorta var. latifolia,0.6,6,1,1,L,95,5,0.1,0.1,2
PRE,10-Sep-16,17,1219,Pinus contorta var. latifolia,0.5,6,2,1,L,95,5,0.1,0.1,2
PRE,17-Aug-16,1,404,Pseudotsuga menziesii,0.5,6.4,3.5,1.5,L,95,6.4,0.1,0.5,2
PRE,10-Sep-16,13,3570,Pinus ponderosa,0.4,6,4,1,L,95,6,0.1,0.1,2
PRE,10-Sep-16,17,1218,Pinus contorta var. latifolia,0.4,6,2,1,L,95,6,0.1,0.1,2
PRE,10-Sep-16,17,1214,Pinus contorta var. latifolia,0.4,5,1,1,L,95,3,0.1,0.1,2
PRE,10-Sep-16,11,3520,Pinus contorta var. latifolia,0.3,5,1,1,L,95,5,0.1,0.1,2
PRE,10-Sep-16,17,1220,Pinus contorta var. latifolia,0.3,5,1,1,L,95,5,0.1,0.1,2
PRE,10-Sep-16,1,908,Pinus ponderosa,21.5,94,47,39,L,90,88,15,20,2
PRE,20-Sep-16,3,409,Pinus ponderosa,19.5,88,40,21,L,90,73,0.1,12,2
PRE,23-Sep-16,3,507,Pinus ponderosa,16.8,42,13,13,L,90,42,6,6.5,2
PRE,20-Sep-16,5,420,Pinus ponderosa,16.3,74,36,36,L,90,72,24,38,2
PRE,23-Sep-16,19,153,Pinus ponderosa,16.2,66,19,17,L,90,62,4,6,2
PRE,20-Sep-16,3,407,Larix occidentalis,15.2,81,34,34,L,90,72,0,22,2
PRE,20-Sep-16,11,2434,Pseudotsuga menziesii,10.7,73,42,11,L,90,61,5,9,2
PRE,20-Sep-16,9,484,Larix occidentalis,7.9,59,27,24,L,90,56,9,18,2
PRE,12-Sep-16,15,73,Abies grandis,6.5,21,6,5,L,90,21,4,5,2
PRE,20-Sep-16,9,467,Pseudotsuga menziesii,6.2,37,21,6,L,90,32,0.1,2,2
PRE,20-Sep-16,11,2452,Pseudotsuga menziesii,5.7,49,35,5,L,90,44,3,8,2
PRE,23-Sep-16,3,505,Pinus ponderosa,5.3,22,2,2,L,90,22,0,1,2
PRE,10-Sep-16,17,1211,Pinus ponderosa,5.3,28,9,9,L,90,25,1,3,2
PRE,20-Sep-16,19,697,Pseudotsuga menziesii,4.6,30,8,2,L,90,26,0.1,3,2
PRE,20-Sep-16,9,470,Pseudotsuga menziesii,4.3,36,25,6,L,90,26,1,4,2
PRE,20-Sep-16,19,191,Pseudotsuga menziesii,4.3,25,6,1,L,90,22,3,6,2
PRE,12-Sep-16,15,102,Pseudotsuga menziesii,3.7,23,8,4,L,90,21,0.1,2,2
PRE,12-Sep-16,15,76,Abies grandis,3.4,29,4,4,L,90,29,0,0.1,2
PRE,20-Sep-16,7,440,Pseudotsuga menziesii,3.3,20,9,1,L,90,22,0.1,2,2
PRE,20-Sep-16,13,2464,Pinus ponderosa,3.2,20,13,4,L,90,15,0.1,3,2
PRE,12-Sep-16,5,28,Pseudotsuga menziesii,3.2,18,6,3,L,90,18,2,4,2
PRE,20-Sep-16,1,404,Pseudotsuga menziesii,3.1,19,8,6,L,90,18,3,5,2
PRE,12-Sep-16,17,130,Pseudotsuga menziesii,2.9,27,13,6,L,90,20,3,4,2
PRE,10-Sep-16,17,1241,Pinus contorta var. latifolia,2.4,16,6,6,L,90,16,0.1,2,2
PRE,20-Sep-16,13,2472,Pinus ponderosa,1.2,9,7,4,L,90,9,0.1,5,2
PRE,10-Sep-16,7,953,Pinus contorta var. latifolia,0.4,6,1,0,L,90,6,1,1,2
PRE,23-Sep-16,19,151,Pinus ponderosa,19.1,69,29,29,L,85,65,3,4.5,2
PRE,23-Sep-16,19,146,Pinus ponderosa,17,80,32,17,L,85,71,3,8,2
PRE,20-Sep-16,11,2439,Pseudotsuga menziesii,16.2,72,18,7,L,85,65,0.1,8,2
PRE,23-Sep-16,7,534,Pinus ponderosa,15,65,12,8,L,85,60,1.5,6,2
PRE,20-Sep-16,11,2435,Pseudotsuga menziesii,11,71,42,24,L,85,62,4,10,2
PRE,23-Sep-16,15,135,Pinus ponderosa,7.2,45,19,5,L,85,38,0.5,1,2
PRE,20-Sep-16,13,2476,Pseudotsuga menziesii,6.8,34,13,2,L,85,29,7,10,2
PRE,12-Sep-16,17,113,Pseudotsuga menziesii,6.3,51,6,4,L,85,44,3,6,2
PRE,20-Sep-16,19,695,Pseudotsuga menziesii,4.8,33,8,1,L,85,25,1,5,2
PRE,10-Sep-16,9,968,Abies grandis,4.7,17,2,0,L,85,17,0.1,0.1,2
PRE,20-Sep-16,7,428,Pseudotsuga menziesii,4.6,27,3,1,L,85,17,1,6,2
PRE,12-Sep-16,15,108,Pseudotsuga menziesii,4.2,34,12,10,L,85,28,3,5,2
PRE,23-Sep-16,1,511,Pinus ponderosa,3.7,27,15,15,L,85,26,0,3,2
PRE,12-Sep-16,1,1335,Pseudotsuga menziesii,2.9,17,5,2,L,85,13,3,6,2
PRE,10-Sep-16,17,1222,Pinus contorta var. latifolia,0.8,7,1,1,L,85,5,0.1,1,2
PRE,12-Sep-16,15,69,Pseudotsuga menziesii,0.6,11,6,4,L,85,8,0,0.1,2
PRE,10-Sep-16,19,1278,Pinus contorta var. latifolia,0.5,6,1,1,L,85,3,0.1,0.1,2
PRE,10-Sep-16,13,3571,Pinus ponderosa,0.3,5,2,1,L,85,5,0.1,1,2
PRE,23-Sep-16,1,526,Pinus ponderosa,6.5,23,12,2,L,80,16,1,4,2
PRE,10-Sep-16,3,915,Pseudotsuga menziesii,5.1,24,2,2,L,80,24,2,4,2
PRE,10-Sep-16,11,980,Pseudotsuga menziesii,1.7,12,3,1,L,80,8,0.1,0.1,2
PRE,20-Sep-16,15,165,Abies grandis,17.2,77,23,5,L,75,77,0.1,77,2
PRE,23-Sep-16,9,545,Pinus ponderosa,17.2,76,25,5,L,75,58,1,9,2
PRE,23-Sep-16,19,150,Pinus ponderosa,15.7,69,28,11,L,75,64,4,7.5,2
PRE,20-Sep-16,19,194,Pinus ponderosa,15.2,50,18,18,L,75,35,0.1,19,2
PRE,17-Aug-16,3,413,Pinus ponderosa,14.2,84,39,9.5,L,75,83,0.1,4,2
PRE,12-Sep-16,17,119,Pinus ponderosa,11.5,45,27,9,L,75,42,5,17,2
PRE,20-Sep-16,7,449,Pseudotsuga menziesii,6.3,29,4,1,L,75,24,2,7,2
PRE,20-Sep-16,19,694,Pseudotsuga menziesii,3.9,21,7,1,L,75,17,3,6,2
PRE,10-Sep-16,11,3548,Pinus contorta var. latifolia,1.4,12,1,1,L,75,12,1,2,2
PRE,23-Sep-16,19,152,Salix scouleriana,1.3,9,4,3,L,75,9,2,4,2
PRE,10-Sep-16,17,1212,Pinus contorta var. latifolia,0.6,6,2,1,L,75,6,0.1,0.1,2
PRE,20-Sep-16,7,446,Pseudotsuga menziesii,0.4,7,3,1,L,75,5,0.1,1,2
PRE,17-Aug-16,13,471,Pseudotsuga menziesii,0.4,6,1.5,1.5,L,75,6,0.1,0.5,2
PRE,10-Sep-16,5,922,Pinus ponderosa,17,56,20,11,L,70,34,2,17,2
PRE,10-Sep-16,5,923,Pinus ponderosa,15,57,27,23,L,70,45,1,11,2
PRE,12-Sep-16,5,23,Pseudotsuga menziesii,7.3,41,16,9,L,70,34,4,9,2
PRE,20-Sep-16,9,460,Pseudotsuga menziesii,7.2,46,25,6,L,70,34,0,0,2
PRE,23-Sep-16,1,528,Pseudotsuga menziesii,6.6,31,10,2,L,70,27,4,8.5,2
PRE,20-Sep-16,7,442,Pseudotsuga menziesii,5.2,34,8,2,L,70,31,2,6,2
PRE,12-Sep-16,15,81,Pseudotsuga menziesii,5.2,38,13,9,L,70,28,0,0,2
PRE,12-Sep-16,15,65,Abies grandis,2.3,18,11,10,L,70,14,0.1,2,2
PRE,10-Sep-16,15,3595,Pinus ponderosa,1.7,11,7,6,L,70,7,0.1,2,2
PRE,10-Sep-16,11,982,Pseudotsuga menziesii,1.1,8,1,0,L,70,6,0.1,0.1,2
PRE,10-Sep-16,11,995,Pseudotsuga menziesii,0.9,9,2,1,L,70,9,0.1,1,2
PRE,10-Sep-16,19,1259,Pinus contorta var. latifolia,0.7,7,1,1,L,70,6,0.1,1,2
PRE,10-Sep-16,11,988,Pinus contorta var. latifolia,0.6,6,2,0,L,70,5,1,1,2
PRE,12-Sep-16,17,112,Pseudotsuga menziesii,11.2,62,9,6,L,65,43,9,18,2
PRE,12-Sep-16,17,134,Pseudotsuga menziesii,10,68,17,11,L,65,37,4,11,2
PRE,20-Sep-16,5,422,Pseudotsuga menziesii,8.7,42,4,2,L,65,35,0.1,14,2
PRE,20-Sep-16,9,472,Pseudotsuga menziesii,6.4,42,26,8,L,65,34,0.1,7,2
PRE,20-Sep-16,7,448,Pseudotsuga menziesii,5,28,6,2,L,65,22,4,7,2
PRE,12-Sep-16,5,25,Pseudotsuga menziesii,4,25,5,3,L,65,19,0.1,3,2
PRE,20-Sep-16,19,600,Pseudotsuga menziesii,3.2,24,9,1,L,65,13,1,4,2
PRE,10-Sep-16,11,987,Pinus contorta var. latifolia,1.4,13,2,1,L,65,13,2,3,2
PRE,10-Sep-16,7,952,Pseudotsuga menziesii,0.3,6,0,0,L,65,6,0.1,0.1,2
PRE,20-Sep-16,11,2440,Larix occidentalis,12.1,74,50,50,L,60,53,0.1,1,2
PRE,12-Sep-16,5,1359,Pinus ponderosa,9,49,16,10,L,60,32,3,13,2
PRE,12-Sep-16,17,142,Pseudotsuga menziesii,7.4,40,8,9,L,60,32,0,0,2
PRE,20-Sep-16,13,2481,Pseudotsuga menziesii,7.1,32,9,2,L,60,29,0.1,7,2
PRE,20-Sep-16,1,403,Pinus ponderosa,6.2,36,23,20,L,60,28,5,7,2
PRE,12-Sep-16,1,1334,Pseudotsuga menziesii,6,36,6,5,L,60,22,1,9,2
PRE,12-Sep-16,15,64,Abies grandis,4.6,29,6,3,L,60,21,0.1,1,2
PRE,20-Sep-16,19,192,Pseudotsuga menziesii,4.1,21,10,1,L,60,17,1,4,2
PRE,17-Aug-16,11,445,Pseudotsuga menziesii,3.2,16,9,4,L,60,16,2,3,2
PRE,12-Sep-16,17,138,Pseudotsuga menziesii,2.3,22,12,3,L,60,17,0.1,1,2
PRE,10-Sep-16,11,3519,Pinus contorta var. latifolia,1.8,14,2,2,L,60,12,0.1,1,2
PRE,10-Sep-16,11,3547,Pinus contorta var. latifolia,1.7,11,1,1,L,60,7,0.1,2,2
PRE,10-Sep-16,19,1277,Pseudotsuga menziesii,0.4,6,1,1,L,60,4,0,0.1,2
PRE,10-Sep-16,7,954,Pinus contorta var. latifolia,0.3,5,1,1,L,60,3,0,0.1,2
PRE,10-Sep-16,19,1280,Pinus contorta var. latifolia,0.3,5,1,1,L,60,4,0,0,2
PRE,12-Sep-16,5,1357,Pseudotsuga menziesii,13,75,19,10,L,55,45,4,15,2
PRE,20-Sep-16,13,2456,Pseudotsuga menziesii,4.2,33,18,5,L,55,23,0.1,3,2
PRE,20-Sep-16,7,447,Pseudotsuga menziesii,4,33,14,1,L,55,28,4,6,2
PRE,20-Sep-16,13,2471,Pinus ponderosa,3.8,26,16,5,L,55,18,0.1,7,2
PRE,10-Sep-16,11,3525,Abies grandis,2.4,12,2,1,L,55,12,0.1,1,2
PRE,20-Sep-16,11,2423,Pinus ponderosa,29.1,107,24,24,L,50,79,1,7,2
PRE,12-Sep-16,9,49,Pinus ponderosa,24.9,85,8,6,L,50,58,0.1,3,2
PRE,10-Sep-16,17,1242,Pinus ponderosa,18.5,72,27,10,L,50,48,3,21,2
PRE,20-Sep-16,15,164,Pseudotsuga menziesii,13.5,40,1,1,L,50,40,0.1,8,2
PRE,12-Sep-16,3,1344,Pinus ponderosa,13.5,72,27,19,L,50,40,0.1,7,2
PRE,20-Sep-16,9,457,Pseudotsuga menziesii,10.5,54,24,10,L,50,,0.1,1,2
PRE,12-Sep-16,17,122,Pseudotsuga menziesii,9.5,76,21,8,L,50,28,4,14,2
PRE,20-Sep-16,13,2480,Pseudotsuga menziesii,9.2,52,17,3,L,50,31,3,11,2
PRE,23-Sep-16,1,525,Pinus ponderosa,6,31,16,3,L,50,18,1,3.5,2
PRE,20-Sep-16,13,2458,Pseudotsuga menziesii,5,33,11,3,L,50,22,0,4,2
PRE,22-Aug-16,5,116,Pinus ponderosa,5,16,8,8,L,50,10,0,1,2
PRE,10-Sep-16,15,1204,Pinus ponderosa,1.3,6,5,4,L,50,3,0.1,2,2
PRE,17-Aug-16,13,482,Pseudotsuga menziesii,1.2,7.6,3.5,2,L,50,6.5,0.5,1,2
PRE,10-Sep-16,9,963,Pinus ponderosa,0.5,5,4,2,L,50,4,0.1,0.1,2
PRE,17-Aug-16,13,480,Pseudotsuga menziesii,0.5,7.5,2,1,L,50,5,0,0.1,2
PRE,10-Sep-16,19,1267,Pinus contorta var. latifolia,0.4,5,1,1,L,50,5,0,0,2
PRE,23-Sep-16,19,147,Pinus ponderosa,17.7,74,32,24,L,45,59,2,8.5,2
PRE,12-Sep-16,5,1360,Pseudotsuga menziesii,9.1,66,22,15,L,45,33,2,6,2
PRE,20-Sep-16,11,2445,Pinus ponderosa,7,53,37,37,L,45,45,1,7,2
PRE,12-Sep-16,3,1348,Pseudotsuga menziesii,5.9,38,9,7,L,45,24,3,5,2
PRE,20-Sep-16,9,469,Pseudotsuga menziesii,5.8,44,21,7,L,45,33,2,5,2
PRE,12-Sep-16,17,,Pseudotsuga menziesii,5.2,31,6,6,L,45,31,0,0,2
PRE,12-Sep-16,1,1333,Pseudotsuga menziesii,2.9,19,6,4,L,45,18,2,4,2
PRE,22-Aug-16,7,130,Pinus ponderosa,2.5,9,6,6,L,45,8,0.1,3,2
PRE,10-Sep-16,11,996,Pinus contorta var. latifolia,1,7,1,1,L,45,4,0.1,0.1,2
PRE,10-Sep-16,11,3536,Pinus contorta var. latifolia,0.8,6,1,1,L,45,4,0.1,0.1,2
PRE,10-Sep-16,19,1307,Pinus contorta var. latifolia,0.4,5,1,1,L,45,3,0,0.1,2
PRE,23-Sep-16,19,148,Pinus ponderosa,21.5,81,37,37,L,40,50,1,12,2
PRE,12-Sep-16,3,1347,Pinus ponderosa,17.6,90,50,48,L,40,60,0.1,12,2
PRE,23-Sep-16,1,523,Pinus ponderosa,14.2,56,18,6,L,40,28,0,2,2
PRE,12-Sep-16,17,114,Pinus ponderosa,14.2,85,31,8,L,40,49,1,26,2
PRE,20-Sep-16,1,293,Pseudotsuga menziesii,6.1,35,7,4,L,40,19,1,6,2
PRE,20-Sep-16,13,2474,Pinus ponderosa,4.5,30,21,3,L,40,23,4,9,2
PRE,20-Sep-16,9,471,Pseudotsuga menziesii,4.4,41,33,23,L,40,34,1,5,2
PRE,10-Sep-16,17,1227,Pinus ponderosa,1.6,13,4,4,L,40,7,0.1,2,2
PRE,17-Aug-16,19,3662,Pinus ponderosa,1.3,9,6,2.5,L,40,9,,,2
PRE,10-Sep-16,7,959,Pinus contorta var. latifolia,0.8,5,1,1,L,40,3,0,0.1,2
PRE,10-Sep-16,19,1279,Pinus contorta var. latifolia,0.5,7,1,1,L,40,3,0,0.1,2
PRE,22-Aug-16,17,715,Pinus ponderosa,0.5,5.1,2,1,L,40,4,0.1,1,2
PRE,20-Sep-16,5,416,Pinus ponderosa,22.8,85,38,38,L,35,52,0,10,2
PRE,20-Sep-16,13,2482,Pseudotsuga menziesii,16.5,72,16,1,L,35,29,0.1,13,2
PRE,12-Sep-16,5,1356,Pseudotsuga menziesii,10.6,64,19,15,L,35,43,4,18,2
PRE,20-Sep-16,11,2447,Pseudotsuga menziesii,7.8,60,35,21,L,35,49,0.1,4,2
PRE,12-Sep-16,17,128,Pseudotsuga menziesii,7.4,59,33,7,L,35,33,5,10,2
PRE,20-Sep-16,17,176,Pseudotsuga menziesii,6.7,36,3,1,L,35,13,0.1,3,2
PRE,12-Sep-16,15,60,Pseudotsuga menziesii,4.6,32,13,13,L,35,17,1,6,2
PRE,10-Sep-16,15,1202,Pinus ponderosa,3.2,17,7,6,L,35,10,0.1,2,2
PRE,20-Sep-16,19,184,Pseudotsuga menziesii,3.1,29,8,1,L,35,16,1,4,2
PRE,12-Sep-16,15,62,Pseudotsuga menziesii,3.1,25,11,11,L,35,14,0.1,1,2
PRE,12-Sep-16,17,126,Pseudotsuga menziesii,2.5,25,13,11,L,35,18,2,4,2
PRE,10-Sep-16,17,1226,Pinus ponderosa,1.8,13,6,4,L,35,8,0.1,1,2
PRE,20-Sep-16,1,294,Pseudotsuga menziesii,3.8,28,4,2,L,33,12,1,3,2
PRE,12-Sep-16,5,27,Pinus ponderosa,25.2,81,29,16,L,30,45,6,29,2
PRE,17-Aug-16,3,409,Pinus ponderosa,15,93,42,28,L,30,65,0.5,5,2
PRE,12-Sep-16,19,144,Pinus ponderosa,7,50,24,6,L,30,26,0,0.1,2
PRE,20-Sep-16,19,698,Pseudotsuga menziesii,5.8,37,9,1,L,30,16,1,4,2
PRE,12-Sep-16,17,137,Pseudotsuga menziesii,5.5,44,12,2,L,30,19,1,5,2
PRE,20-Sep-16,13,2463,Pinus ponderosa,3.4,26,14,5,L,30,16,0.1,4,2
PRE,20-Sep-16,13,2469,Pseudotsuga menziesii,3.1,22,10,5,L,30,22,0,0.1,2
PRE,23-Sep-16,3,502,Pinus ponderosa,2.5,16,3,3,L,30,14,0,0.5,2
PRE,23-Sep-16,3,501,Pinus ponderosa,2.2,14,3,3,L,30,14,0,0.5,2
PRE,10-Sep-16,11,3551,Abies grandis,1.3,10,1,1,L,30,7,0,0.1,2
PRE,10-Sep-16,11,3555,Pseudotsuga menziesii,1.2,11,1,1,L,30,8,0.1,1,2
PRE,17-Aug-16,13,476,Pseudotsuga menziesii,0.9,7.5,4,2,L,30,6,0.1,0.5,2
PRE,10-Sep-16,11,981,Pseudotsuga menziesii,0.8,7,1,0,L,30,2,0.1,0.1,2
PRE,10-Sep-16,17,1213,Pinus contorta var. latifolia,0.8,7,2,0,L,30,4,0.1,0.1,2
PRE,10-Sep-16,11,990,Pinus contorta var. latifolia,0.6,7,1,1,L,30,3,1,1,2
PRE,10-Sep-16,11,991,Pinus contorta var. latifolia,0.6,8,1,1,L,30,3,1,1,2
PRE,23-Sep-16,3,506,Pinus ponderosa,28.4,91,31,31,L,25,56,0,1.5,2
PRE,20-Sep-16,15,167,Pseudotsuga menziesii,14.5,61,6,1,L,25,19,0.1,0.1,2
PRE,10-Sep-16,5,925,Pinus ponderosa,13.8,75,37,46,L,25,48,3,19,2
PRE,12-Sep-16,19,143,Pinus ponderosa,13,58,24,8,L,25,28,0,0.1,2
PRE,12-Sep-16,5,21,Pseudotsuga menziesii,12.3,75,27,15,L,25,34,6,14,2
PRE,20-Sep-16,15,150,Pinus ponderosa,11.1,58,22,6,L,25,35,5,16,2
PRE,20-Sep-16,9,462,Abies grandis,10.4,47,22,4,L,25,18,0,0.1,2
PRE,12-Sep-16,5,24,Pseudotsuga menziesii,10,46,10,8,L,25,33,4,13,2
PRE,20-Sep-16,1,292,Pinus ponderosa,6.4,41,15,3,L,25,14,0.1,3,2
PRE,17-Aug-16,13,469,Pseudotsuga menziesii,5.2,30,17,3.5,L,25,25,0,1.5,2
PRE,20-Sep-16,19,597,Pseudotsuga menziesii,5.1,35,6,1,L,25,16,0.1,5,2
PRE,20-Sep-16,9,466,Pseudotsuga menziesii,4.1,43,29,6,L,25,31,0,0.1,2
PRE,12-Sep-16,15,97,Pseudotsuga menziesii,4.1,28,6,4,L,25,18,1,3,2
PRE,20-Sep-16,17,179,Pseudotsuga menziesii,3.2,17,1,1,L,25,17,0,0,2
PRE,23-Sep-16,17,140,Salix scouleriana,1.6,14,5,4,L,25,8,1,3,2
PRE,10-Sep-16,15,1206,Pinus ponderosa,1.2,8,7,5,L,25,3,0.1,2,2
PRE,10-Sep-16,7,955,Pinus contorta var. latifolia,0.4,6,2,1,L,25,3,0.1,0.1,2
PRE,17-Aug-16,13,481,Pseudotsuga menziesii,0.3,6.9,3,2.5,L,25,5,0,0.1,2
PRE,10-Sep-16,5,920,Pinus ponderosa,27.6,108,42,34,L,20,60,1,12,2
PRE,23-Sep-16,15,130,Pinus ponderosa,22.2,77,19,4,L,20,28,0,10,2
PRE,23-Sep-16,13,126,Pinus ponderosa,20.7,87,16,4,L,20,32,3,3.5,2
PRE,20-Sep-16,17,174,Abies grandis,19.8,72,5,1,L,20,21,0,16,2
PRE,10-Sep-16,5,926,Pinus ponderosa,18.3,84,43,26,L,20,34,1,19,2
PRE,12-Sep-16,19,147,Pinus ponderosa,13.3,63,17,15,L,20,27,1,4,2
PRE,23-Sep-16,1,527,Pinus ponderosa,13.2,49,25,1,L,20,22,0,3,2
PRE,20-Sep-16,19,185,Pinus ponderosa,12.1,52,22,22,L,20,30,2,5,2
PRE,12-Sep-16,3,1342,Pseudotsuga menziesii,9.6,55,7,7,L,20,20,3,7,2
PRE,20-Sep-16,7,426,Pseudotsuga menziesii,7.5,42,3,1,L,20,16,2,6,2
PRE,12-Sep-16,17,123,Pseudotsuga menziesii,7.3,68,19,7,L,20,24,3,14,2
PRE,12-Sep-16,19,145,Pinus ponderosa,7.3,46,14,8,L,20,24,1,6,2
PRE,20-Sep-16,19,183,Pseudotsuga menziesii,6.3,38,9,1,L,20,17,3,7,2
PRE,23-Sep-16,1,520,Pseudotsuga menziesii,6.2,42,12,1,L,20,26,0,7,2
PRE,12-Sep-16,1,1332,Pseudotsuga menziesii,6.1,38,5,2,L,20,31,0.1,1,2
PRE,20-Sep-16,7,443,Pseudotsuga menziesii,5,31,12,2,L,20,22,2,6,2
PRE,20-Sep-16,13,2460,Pinus ponderosa,5,30,23,5,L,20,22,0.1,4,2
PRE,10-Sep-16,17,1224,Pinus contorta var. latifolia,4.7,28,1,1,L,20,14,0.1,5,2
PRE,20-Sep-16,17,177,Pseudotsuga menziesii,3.9,22,4,1,L,20,11,2,5,2
PRE,12-Sep-16,17,141,Pseudotsuga menziesii,3.6,23,4,4,L,20,10,0,0.1,2
PRE,10-Sep-16,17,1215,Pinus contorta var. latifolia,2.1,9,1,1,L,20,4,0,2,2
PRE,10-Sep-16,7,958,Pinus contorta var. latifolia,0.7,6,3,1,L,20,2,0,0.1,2
PRE,10-Sep-16,19,1302,Pinus contorta var. latifolia,0.7,7,3,1,L,20,3,0.1,0.1,2
PRE,10-Sep-16,19,1298,Pinus contorta var. latifolia,0.4,5,2,1,L,20,2,0,0.1,2
PRE,12-Sep-16,9,48,Pinus ponderosa,27.4,77,5,5,L,15,51,0.1,3,2
PRE,10-Sep-16,3,919,Pinus ponderosa,23.5,103,32,26,L,15,51,0.1,10,2
PRE,23-Sep-16,13,129,Pinus ponderosa,21.8,70,12,5,L,15,19,3,9,2
PRE,12-Sep-16,3,1350,Pinus ponderosa,18.9,77,46,31,L,15,48,2,9,2
PRE,23-Sep-16,13,128,Pinus ponderosa,18.1,83,16,5,L,15,32,2.5,12,2
PRE,23-Sep-16,13,125,Pinus ponderosa,17,52,12,3,L,15,22,3,9.5,2
PRE,23-Sep-16,15,136,Pinus ponderosa,16.5,69,20,4,L,15,31,2.5,8,2
PRE,23-Sep-16,7,535,Pinus ponderosa,15.3,71,20,11,L,15,41,1.5,14,2
PRE,20-Sep-16,15,163,Pseudotsuga menziesii,13.2,71,11,5,L,15,16,0.1,8,2
PRE,17-Aug-16,15,496,Pinus contorta var. latifolia,12.8,65,38,10,L,15,39,2,10,2
PRE,20-Sep-16,19,696,Pinus ponderosa,10.5,34,50,34,L,15,44,0.1,4,2
PRE,10-Sep-16,9,965,Pinus ponderosa,10,40,16,7,L,15,18,6,10,2
PRE,17-Aug-16,19,3660,Pseudotsuga menziesii,9.5,44,4.5,2,L,15,14,,,2
PRE,12-Sep-16,13,53,Pseudotsuga menziesii,9.2,55,8,2,L,15,14,3,9,2
PRE,12-Sep-16,17,139,Pseudotsuga menziesii,9,69,19,3,L,15,31,0.1,5,2
PRE,20-Sep-16,5,410,Pseudotsuga menziesii,7.2,39,5,1,L,15,17,0.1,1,2
PRE,23-Sep-16,1,524,Pinus ponderosa,6.6,43,19,6,L,15,17,0.5,6.5,2
PRE,20-Sep-16,15,161,Abies grandis,6.2,29,9,1,L,15,16,0.1,6,2
PRE,12-Sep-16,15,61,Pseudotsuga menziesii,6.2,42,14,9,L,15,20,2,7,2
PRE,20-Sep-16,15,156,Pinus ponderosa,5.8,23,7,5,L,15,19,0.1,2,2
PRE,12-Sep-16,15,79,Pseudotsuga menziesii,5.2,35,11,9,L,15,25,0,0,2
PRE,20-Sep-16,9,464,Pseudotsuga menziesii,4.6,42,25,5,L,15,30,0,1,2
PRE,20-Sep-16,1,297,Pinus ponderosa,4.5,35,19,16,L,15,21,2,4,2
PRE,22-Aug-16,13,713,Pinus ponderosa,4.5,9,7,3,L,15,7,0,0,2
PRE,20-Sep-16,13,2461,Pseudotsuga menziesii,4,29,17,4,L,15,17,0.1,1,2
PRE,20-Sep-16,13,2466,Pinus ponderosa,2.9,20,12,4,L,15,12,0.1,1,2
PRE,12-Sep-16,15,98,Abies grandis,2.7,19,7,6,L,15,10,0.1,0.1,2
PRE,12-Sep-16,15,68,Pseudotsuga menziesii,2.7,20,7,5,L,15,9,0.1,1,2
PRE,17-Aug-16,19,3663,Pseudotsuga menziesii,2.2,12,6.5,1,L,15,12,,,2
PRE,12-Sep-16,15,70,Abies grandis,1.8,17,8,5,L,15,8,0,0.1,2
PRE,12-Sep-16,15,66,Pseudotsuga menziesii,1.6,12,8,7,L,15,10,0.1,1,2
PRE,20-Sep-16,7,445,Pseudotsuga menziesii,1.5,13,9,1,L,15,7,0.1,2,2
PRE,10-Sep-16,15,3589,Pinus ponderosa,0.7,7,4,3,L,15,2,0.1,1,2
PRE,10-Sep-16,19,1296,Pinus contorta var. latifolia,0.7,7,3,1,L,15,2,0.1,0.1,2
PRE,10-Sep-16,19,1272,Pinus contorta var. latifolia,0.4,5,2,1,L,15,2,0,0.1,2
PRE,23-Sep-16,15,132,Pinus ponderosa,27.4,74,14,4,L,10,31,0,9,2
PRE,23-Sep-16,11,123,Pinus ponderosa,27.3,99,22,22,L,10,32,2,10,2
PRE,20-Sep-16,7,430,Pinus ponderosa,22.3,64,21,42,L,10,26,1,6,2
PRE,23-Sep-16,13,124,Pinus ponderosa,22.2,65,9,4,L,10,26,5,13,2
PRE,23-Sep-16,13,127,Pinus ponderosa,20.8,84,21,4,L,10,39,1,13,2
PRE,12-Sep-16,1,1337,Pseudotsuga menziesii,19.8,97,22,15,L,10,35,17,35,2
PRE,23-Sep-16,9,543,Pinus ponderosa,18.7,88,47,41,L,10,69,12,15,2
PRE,23-Sep-16,15,133,Pinus ponderosa,17.3,71,18,5,L,10,32,1,5,2
PRE,23-Sep-16,7,538,Pinus ponderosa,17.1,73,31,4,L,10,41,0.5,8,2
PRE,23-Sep-16,7,533,Pinus ponderosa,16.9,76,10,5,L,10,40,1.5,4.5,2
PRE,23-Sep-16,7,536,Pinus ponderosa,14.6,68,23,8,L,10,24,6.5,7.5,2
PRE,10-Sep-16,11,984,Pinus ponderosa,13.7,61,17,17,L,10,18,0,7,2
PRE,12-Sep-16,17,125,Pinus ponderosa,12.2,59,13,8,L,10,37,1,10,2
PRE,20-Sep-16,1,402,Pinus ponderosa,10,55,22,22,L,10,28,4,12,2
PRE,12-Sep-16,13,54,Pseudotsuga menziesii,9,39,4,2,L,10,13,0.1,5,2
PRE,23-Sep-16,15,134,Pinus ponderosa,7.9,46,23,6,L,10,17,2,3,2
PRE,17-Aug-16,3,412,Pseudotsuga menziesii,7.2,45,13.5,1,L,10,14,1,4,2
PRE,20-Sep-16,7,438,Pseudotsuga menziesii,6.6,38,12,1,L,10,26,0.1,4,2
PRE,20-Sep-16,13,2462,Pseudotsuga menziesii,6.5,38,22,3,L,10,21,0,4,2
PRE,20-Sep-16,13,2484,Pseudotsuga menziesii,5.4,25,9,1,L,10,18,1,5,2
PRE,17-Aug-16,11,446,Larix occidentalis,5.2,34,13,4,L,10,12,1,5,2
PRE,20-Sep-16,13,2457,Pinus ponderosa,5,40,28,8,L,10,30,0.1,3,2
PRE,20-Sep-16,15,162,Pinus ponderosa,4.8,29,10,4,L,10,10,0.1,0.1,2
PRE,10-Sep-16,17,1237,Pinus ponderosa,4.1,19,7,6,L,10,9,0,2,2
PRE,12-Sep-16,15,67,Pseudotsuga menziesii,3.4,22,8,7,L,10,10,0.1,2,2
PRE,10-Sep-16,15,3579,Pinus ponderosa,3.4,17,7,4,L,10,10,0.1,2,2
PRE,20-Sep-16,9,459,Abies grandis,3.3,12,7,4,L,10,,0.1,1,2
PRE,12-Sep-16,15,100,Pseudotsuga menziesii,3.1,16,4,1,L,10,11,2,4,2
PRE,20-Sep-16,7,444,Pseudotsuga menziesii,2.3,19,7,1,L,10,9,0.1,2,2
PRE,17-Aug-16,13,483,Pseudotsuga menziesii,1.7,9,3,1.5,L,10,4,1,2,2
PRE,20-Sep-16,13,2465,Pinus ponderosa,1.6,8,7,7,L,10,8,0.1,2,2
PRE,12-Sep-16,15,80,Pseudotsuga menziesii,1.3,12,8,6,L,10,8,0,0,2
PRE,10-Sep-16,11,999,Pinus ponderosa,0.9,5,3,1,L,10,3,0.1,0.1,2
PRE,10-Sep-16,19,1295,Pinus contorta var. latifolia,0.8,7,3,1,L,10,2,0.1,0.1,2
PRE,10-Sep-16,19,1282,Pinus contorta var. latifolia,0.7,7,3,1,L,10,2,0,0.1,2
PRE,10-Sep-16,19,1247,Pinus contorta var. latifolia,0.5,7,3,1,L,10,2,0.1,1,2
PRE,23-Sep-16,11,121,Pinus ponderosa,33.6,102,36,28,L,5,41,2,6.5,2
PRE,23-Sep-16,11,122,Pinus ponderosa,27.8,113,51,51,L,5,49,4.5,13,2
PRE,10-Sep-16,5,921,Pinus ponderosa,26,99,39,32,L,5,36,1,15,2
PRE,23-Sep-16,3,508,Pinus ponderosa,25.9,88,23,17,L,5,45,0.5,5,2
PRE,23-Sep-16,11,120,Pinus ponderosa,23.7,92,23,17,L,5,34,2,6.5,2
PRE,12-Sep-16,3,1346,Pinus ponderosa,23,104,34,25,L,5,41,4,13,2
PRE,23-Sep-16,9,544,Pseudotsuga menziesii,21.7,82,25,6,L,5,46,10,16,2
PRE,12-Sep-16,17,118,Pinus ponderosa,21.1,101,42,12,L,5,50,3,22,2
PRE,10-Sep-16,5,930,Pinus ponderosa,19.1,84,29,22,L,5,29,2,14,2
PRE,10-Sep-16,5,929,Pinus ponderosa,18.4,83,32,18,L,5,24,1,18,2
PRE,12-Sep-16,17,127,Pinus ponderosa,18.1,83,25,6,L,5,40,2,15,2
PRE,10-Sep-16,17,1239,Pinus ponderosa,17.7,72,19,10,L,5,21,0,13,2
PRE,12-Sep-16,3,1345,Pinus ponderosa,17.6,89,30,30,L,5,32,2,17,2
PRE,23-Sep-16,17,137,Pinus ponderosa,17.1,65,19,6,L,5,32,1.5,9,2
PRE,12-Sep-16,3,1343,Pinus ponderosa,15.1,81,36,34,L,5,36,0.1,5,2
PRE,23-Sep-16,1,519,Pinus ponderosa,14.4,66,15,3,L,5,12,0.5,2,2
PRE,12-Sep-16,17,121,Pinus ponderosa,13.1,80,45,6,L,5,45,1,14,2
PRE,20-Sep-16,1,405,Pinus ponderosa,12.8,64,29,6,L,5,36,2,11,2
PRE,23-Sep-16,7,540,Pinus ponderosa,12.2,54,30,23,L,5,30,3,8.5,2
PRE,12-Sep-16,13,52,Pinus ponderosa,11.8,68,25,20,L,5,34,0,0,2
PRE,12-Sep-16,3,1340,Pinus ponderosa,11,71,26,20,L,5,20,0.1,8,2
PRE,20-Sep-16,19,187,Pseudotsuga menziesii,10.2,53,9,2,L,5,14,0,5,2
PRE,23-Sep-16,15,131,Pinus ponderosa,9.9,52,15,6,L,5,16,1.5,5,2
PRE,12-Sep-16,3,1341,Pinus ponderosa,9.6,61,15,6,L,5,23,0.1,8,2
PRE,10-Sep-16,15,3592,Pinus ponderosa,9.1,33,14,14,L,5,15,1,7,2
PRE,20-Sep-16,7,425,Pseudotsuga menziesii,8.9,47,5,1,L,5,6,0.1,6,2
PRE,20-Sep-16,9,463,Pseudotsuga menziesii,7.6,50,22,6,L,5,23,0,0.1,2
PRE,20-Sep-16,15,158,Pseudotsuga menziesii,7.1,42,8,4,L,5,8,0.1,0.1,2
PRE,20-Sep-16,1,298,Pinus ponderosa,6.9,47,27,21,L,5,29,1,6,2
PRE,12-Sep-16,15,91,Abies grandis,6.7,47,15,11,L,5,13,0,0,1
PRE,12-Sep-16,17,132,Pseudotsuga menziesii,5.4,48,16,7,L,5,24,2,6,2
PRE,10-Sep-16,3,914,Pinus ponderosa,4,17,5,3,L,5,4,1,5,2
PRE,12-Sep-16,15,99,Abies grandis,3.9,23,6,3,L,5,8,1,2,2
PRE,23-Sep-16,3,503,Pinus ponderosa,3.7,18,3,1,L,5,7,0,1,2
PRE,20-Sep-16,15,159,Abies grandis,3.6,20,6,1,L,5,7,0.1,0.1,2
PRE,10-Sep-16,11,3553,Pinus ponderosa,3.5,23,14,11,L,5,10,0.1,0.1,2
PRE,12-Sep-16,17,133,Pseudotsuga menziesii,3.4,31,14,7,L,5,26,4,7,2
PRE,20-Sep-16,17,180,Pseudotsuga menziesii,3.3,16,1,1,L,5,7,0,0,2
PRE,20-Sep-16,7,437,Pseudotsuga menziesii,2.8,18,6,1,L,5,3,0.1,1,2
PRE,20-Sep-16,7,429,Pseudotsuga menziesii,2.8,20,6,1,L,5,7,0.1,6,2
PRE,20-Sep-16,7,436,Pseudotsuga menziesii,2.8,20,6,1,L,5,5,0.1,1,2
PRE,12-Sep-16,15,92,Pseudotsuga menziesii,2.8,24,11,4,L,5,12,0,0,2
PRE,10-Sep-16,17,1228,Pinus ponderosa,2.5,14,5,5,L,5,7,0.1,2,2
PRE,12-Sep-16,15,71,Abies grandis,2.3,23,9,7,L,5,10,0,0.1,2
PRE,10-Sep-16,11,998,Pinus ponderosa,1.2,7,3,1,L,5,2,0.1,0.1,2
PRE,10-Sep-16,19,1250,Pinus contorta var. latifolia,1.2,10,3,1,L,5,2,0,0.1,2
PRE,10-Sep-16,19,1273,Pinus contorta var. latifolia,1,9,1,1,L,5,2,0.1,0.1,2
PRE,17-Aug-16,1,407,Pseudotsuga menziesii,0.8,9.9,6,2.5,L,5,7,0.1,0.5,2
PRE,17-Aug-16,11,453,Pseudotsuga menziesii,0.8,7.1,3.5,2.5,L,5,4,,,2
PRE,10-Sep-16,11,997,Pinus ponderosa,0.7,7,3,1,L,5,2,0.1,0.1,2
PRE,10-Sep-16,19,1262,Pinus contorta var. latifolia,0.7,7,1,1,L,5,1,0,0.1,2
PRE,10-Sep-16,19,1257,Pinus contorta var. latifolia,0.5,7,2,1,L,5,1,0,0.1,2
PRE,10-Sep-16,19,1256,Pinus contorta var. latifolia,0.4,6,3,1,L,5,1,0,0.1,2
PRE,23-Sep-16,7,541,Pinus ponderosa,26.2,82,27,18,L,2,47,0,2,2
PRE,23-Sep-16,7,537,Pinus ponderosa,15.9,77,33,9,L,2,44,0.5,8,2
PRE,23-Sep-16,1,512,Pinus ponderosa,13.6,58,28,4,L,2,23,3,9,2
PRE,23-Sep-16,1,518,Pinus ponderosa,7.7,48,20,3,L,2,10,0,1.5,2
PRE,20-Sep-16,19,188,Pinus ponderosa,23.3,88,31,37,L,1,21,2,10,2
PRE,10-Sep-16,19,1294,Pinus ponderosa,20.2,89,31,22,L,1,24,0,2,2
PRE,22-Aug-16,5,109,Pseudotsuga menziesii,20.2,91,23,5,L,1,7,1,4.5,2
PRE,10-Sep-16,19,1284,Pinus contorta var. latifolia,18.4,91,36,6,L,1,16,0.1,1,2
PRE,10-Sep-16,11,3542,Pinus ponderosa,16.6,64,19,13,L,1,14,0.1,5,2
PRE,10-Sep-16,13,3556,Pinus ponderosa,14.3,64,22,19,L,1,19,0,1,2
PRE,10-Sep-16,3,913,Pinus ponderosa,11.5,28,12,8,L,1,6,1,4,2
PRE,22-Aug-16,17,717,Pseudotsuga menziesii,11,74,14,14,D,1,8,0,3,2
PRE,17-Aug-16,19,3665,Pseudotsuga menziesii,10.9,52,6,6,L,1,4,0,3,2
PRE,20-Sep-16,19,189,Pinus ponderosa,10,56,28,28,L,1,29,0,2,2
PRE,17-Aug-16,11,442,Pinus contorta var. latifolia,8,47,10,7,L,1,6,0.1,0.1,2
PRE,17-Aug-16,3,410,Pseudotsuga menziesii,7.2,44,14,1.5,L,1,13,0.5,2,2
PRE,10-Sep-16,17,1238,Pinus ponderosa,5,32,17,13,L,1,13,0.1,2,2
PRE,20-Sep-16,19,186,Pseudotsuga menziesii,4,33,8,1,L,1,9,0,2,2
PRE,17-Aug-16,19,3666,Pinus ponderosa,3,21,9.5,8.5,L,1,0,,,1
PRE,17-Aug-16,13,473,Pseudotsuga menziesii,2.4,15,3.5,1.5,L,1,5,0.1,0.5,2
PRE,17-Aug-16,13,472,Pseudotsuga menziesii,2.1,12,4,3,L,1,2,,,2
PRE,17-Aug-16,13,475,Pseudotsuga menziesii,1.9,11,3.5,3,L,1,2,0.1,0.1,2
PRE,17-Aug-16,13,477,Pseudotsuga menziesii,1.1,9,3.5,2,L,1,4,0.5,2,2
PRE,10-Sep-16,19,1297,Pinus contorta var. latifolia,0.9,9,2,1,L,1,1,0,0,2
PRE,17-Aug-16,13,468,Pseudotsuga menziesii,0.5,7.1,2.5,2.5,L,1,3,0.1,0.1,2
PRE,10-Sep-16,19,1252,Pinus contorta var. latifolia,0.4,6,1,1,L,1,2,0.1,0.1,2
PRE,17-Aug-16,13,478,Pinus ponderosa,0.3,4.6,3,3,L,1,2,,,2
PRE,17-Aug-16,7,423,Pinus ponderosa,38.3,134,42,42,L,0,,2,8,1
PRE,10-Sep-16,7,962,Pinus ponderosa,36.3,124,54,23,L,0,,0.1,6,1
PRE,10-Sep-16,7,937,Pinus ponderosa,32,102,41,33,L,0,,6,13,1
PRE,10-Sep-16,9,977,Pinus ponderosa,29.3,110,22,17,L,0,,1,3,1
PRE,10-Sep-16,7,931,Pinus ponderosa,29.2,120,60,20,L,0,,0.1,8,1
PRE,10-Sep-16,7,940,Pinus ponderosa,28.5,110,57,50,L,0,,1,3,1
PRE,22-Aug-16,11,707,Pinus ponderosa,27.3,121,48,48,L,0,,0.1,2,1
PRE,10-Sep-16,7,938,Pinus ponderosa,26.8,105,51,48,L,0,,4,8,1
PRE,22-Aug-16,13,709,Pinus ponderosa,26.5,97,38,38,L,0,,0,5.5,1
PRE,22-Aug-16,11,708,Pinus ponderosa,25.7,98,29,29,L,0,,0,2,1
PRE,10-Sep-16,15,3583,Pinus ponderosa,25.2,91,37,30,L,0,,0,1,1
PRE,22-Aug-16,3,3691,Pinus ponderosa,25.1,107,49,49,L,0,,1,2,1
PRE,22-Aug-16,11,702,Pinus ponderosa,25.1,105,44,44,L,0,,0,0,1
PRE,22-Aug-16,3,3690,Pinus ponderosa,25,98,37,37,L,0,,2,5,1
PRE,10-Sep-16,9,964,Pinus ponderosa,24.5,94,34,17,L,0,,3,10,1
PRE,22-Aug-16,13,710,Pinus ponderosa,24.5,92,31,31,L,0,,0,6,1
PRE,10-Sep-16,3,912,Pinus ponderosa,24.2,96,30,13,L,0,,2,4,1
PRE,10-Sep-16,7,936,Pinus ponderosa,24.2,109,44,26,L,0,,0.1,1,1
PRE,10-Sep-16,13,3573,Pinus ponderosa,24.1,105,48,20,L,0,,1,4,1
PRE,22-Aug-16,17,725,Pinus ponderosa,24.1,121,68,68,L,0,,0,0,1
PRE,23-Sep-16,5,529,Pseudotsuga menziesii,23.8,94,10,6,L,0,,0,0,1
PRE,10-Sep-16,11,3527,Pinus ponderosa,23.7,96,47,39,L,0,,1,10,1
PRE,22-Aug-16,9,143,Pinus ponderosa,23.7,101,42,42,L,0,,0,1,1
PRE,22-Aug-16,3,3692,Pinus ponderosa,23.4,104,46,46,L,0,,1,3,1
PRE,10-Sep-16,7,932,Pinus ponderosa,23,120,65,53,L,0,,0.1,5,1
PRE,10-Sep-16,7,933,Pinus ponderosa,23,108,44,27,L,0,,0,8,1
PRE,12-Sep-16,15,59,Pseudotsuga menziesii,22.8,122,62,41,L,0,,2,14,1
PRE,22-Aug-16,13,711,Pinus ponderosa,22.6,89,32,32,L,0,,1,5,1
PRE,12-Sep-16,15,57,Pseudotsuga menziesii,22.5,115,57,46,L,0,,0.1,19,1
PRE,10-Sep-16,11,3530,Pinus ponderosa,22.1,87,28,23,L,0,,1,5,1
PRE,22-Aug-16,1,3672,Pinus ponderosa,22.1,92,42,35,L,0,,0,0,1
PRE,22-Aug-16,9,142,Pinus ponderosa,21.6,86,47,47,L,0,,0,1,1
PRE,23-Sep-16,11,119,Pinus ponderosa,21.4,85,28,18,L,0,,3.5,12,1
PRE,10-Sep-16,13,3572,Pinus ponderosa,21.4,98,32,21,L,0,,1,3,1
PRE,22-Aug-16,5,108,Pinus ponderosa,21.2,110,62,62,L,0,,0,1,1
PRE,10-Sep-16,9,969,Pinus ponderosa,21,73,26,12,L,0,,2,10,1
PRE,22-Aug-16,2,3677,Pseudotsuga menziesii,21,92,42,14,L,0,,0,6,1
PRE,22-Aug-16,2,3679,Pseudotsuga menziesii,21,95,45,7,L,0,,0,11,1
PRE,20-Sep-16,19,182,Pinus ponderosa,20.9,65,34,34,L,0,,0,10,1
PRE,10-Sep-16,19,1292,Pinus ponderosa,20.9,84,30,19,L,0,,1,4,1
PRE,10-Sep-16,7,934,Pinus ponderosa,20.8,111,51,29,L,0,,2,7,1
PRE,10-Sep-16,3,911,Pinus ponderosa,20.7,93,36,29,L,0,,0.1,13,1
PRE,22-Aug-16,2,3683,Pinus ponderosa,20.6,98,48,48,L,0,,0,1,1
PRE,22-Aug-16,9,135,Pinus ponderosa,20.6,96,39,39,L,0,,0,1,1
PRE,22-Aug-16,9,141,Pinus ponderosa,20.6,83,43,43,L,0,,0,1,1
PRE,22-Aug-16,17,724,Pinus ponderosa,20.4,119,64,64,L,0,,0,0,1
PRE,22-Aug-16,3,3695,Pinus ponderosa,20.2,89,45,7,L,0,,0,1,1
PRE,22-Aug-16,1,3671,Pinus ponderosa,20.1,98,24,24,L,0,,0,0,1
PRE,10-Sep-16,15,3578,Pinus ponderosa,20,92,21,20,L,0,,0,7,1
PRE,22-Aug-16,9,138,Pinus ponderosa,19.7,97,40,40,L,0,,0,6,1
PRE,10-Sep-16,19,1293,Pinus ponderosa,19.6,83,34,27,L,0,,1,3,1
PRE,22-Aug-16,13,712,Pinus ponderosa,19.6,51,27,4.5,L,0,,0,1,1
PRE,23-Sep-16,17,138,Pinus ponderosa,19.5,69,25,21,L,0,,1,4,1
PRE,22-Aug-16,5,106,Pinus ponderosa,19.5,92,32,32,L,0,,0,1,1
PRE,22-Aug-16,7,134,Pinus ponderosa,19.5,91,37,37,L,0,,0,3,1
PRE,10-Sep-16,15,3582,Pinus ponderosa,19.1,80,31,24,L,0,,0.1,3,1
PRE,17-Aug-16,5,414,Pseudotsuga menziesii,19,103,34,22,L,0,,3,16,1
PRE,17-Aug-16,17,500,Pinus ponderosa,19,108,65,44,L,0,,,,1
PRE,22-Aug-16,2,3678,Pseudotsuga menziesii,19,93,45,10,L,0,,0,2,1
PRE,22-Aug-16,7,128,Pinus ponderosa,19,98,45,45,L,0,,0,0,1
PRE,23-Sep-16,1,521,Pinus ponderosa,18.9,81,27,5,L,0,,0,7,1
PRE,12-Sep-16,15,58,Pseudotsuga menziesii,18.9,109,62,42,L,0,,4,19,1
PRE,22-Aug-16,2,3684,Pinus ponderosa,18.9,90,35,35,L,0,,0,1,1
PRE,17-Aug-16,13,491,Pinus ponderosa,18.6,93,25,12,L,0,,1,2,1
PRE,22-Aug-16,1,3674,Pinus ponderosa,18.6,84,36,36,L,0,,0,1,1
PRE,22-Aug-16,5,3699,Pinus ponderosa,18.6,91,43,43,L,0,,0,3,1
PRE,22-Aug-16,7,133,Pinus ponderosa,18.6,96,23,23,L,0,,0,1,1
PRE,17-Aug-16,5,415,Pinus ponderosa,18.5,94,49,11.5,L,0,,0,11,1
PRE,22-Aug-16,11,706,Pinus ponderosa,18.5,95,51,51,L,0,,0,1,1
PRE,22-Aug-16,9,139,Pinus ponderosa,18.4,96,54,54,L,0,,0,1,1
PRE,23-Sep-16,17,142,Pinus ponderosa,18.3,69,21,7,L,0,,4,10,1
PRE,22-Aug-16,5,3697,Pinus ponderosa,18.3,87,42,42,L,0,,0,8,1
PRE,22-Aug-16,9,137,Pinus ponderosa,18.3,80,41,41,L,0,,0,2,1
PRE,22-Aug-16,17,714,Pinus ponderosa,18.2,91,49,49,L,0,,0,2,1
PRE,10-Sep-16,13,3574,Pinus ponderosa,18,82,29,29,L,0,,0.1,6,1
PRE,17-Aug-16,17,3656,Pinus ponderosa,18,95,56.6,27,L,0,,0,0.1,1
PRE,10-Sep-16,11,3526,Pinus ponderosa,17.8,77,34,34,L,0,,1,7,1
PRE,22-Aug-16,1,3670,Pinus ponderosa,17.8,88,25,21,L,0,,0.1,3,1
PRE,22-Aug-16,5,114,Pinus ponderosa,17.7,91,50,50,L,0,,0,1,1
PRE,10-Sep-16,15,3577,Pinus ponderosa,17.6,96,28,17,L,0,,0,6,1
PRE,10-Sep-16,9,967,Pinus ponderosa,17.4,82,37,25,L,0,,5,8,1
PRE,20-Sep-16,17,171,Pinus ponderosa,17.2,71,19,19,L,0,,3,10,1
PRE,10-Sep-16,19,1285,Pinus ponderosa,17,75,20,20,L,0,,1,3,1
PRE,22-Aug-16,1,3669,Pseudotsuga menziesii,17,88,31,31,L,0,,0,2,1
PRE,22-Aug-16,3,3687,Pseudotsuga menziesii,17,91,14,14,L,0,,2,16,1
PRE,22-Aug-16,7,118,Pinus ponderosa,17,74,49,49,L,0,,0,0,1
PRE,22-Aug-16,17,727,Larix occidentalis,17,101,16,16,L,0,,0,2,1
PRE,23-Sep-16,3,510,Pseudotsuga menziesii,16.8,76,24,2,L,0,,5,1.2,1
PRE,10-Sep-16,9,966,Pinus ponderosa,16.7,78,30,17,L,0,,4,12,1
PRE,22-Aug-16,3,3696,Pinus ponderosa,16.6,85,34,34,L,0,,0,1,1
PRE,12-Sep-16,17,135,Pinus ponderosa,16.5,89,49,14,L,0,,6,19,1
PRE,10-Sep-16,11,3528,Pinus ponderosa,16.3,67,30,18,L,0,,0.1,4,1
PRE,22-Aug-16,7,117,Pinus ponderosa,16.3,86,46,46,L,0,,0,0,1
PRE,23-Sep-16,5,530,Pinus ponderosa,16.2,73,20,5,L,0,,0,0,1
PRE,23-Sep-16,17,139,Pinus ponderosa,16.2,75,21,19,L,0,,0,8,1
PRE,17-Aug-16,3,411,Pinus ponderosa,16.1,95,44,26,L,0,,0.1,3,1
PRE,22-Aug-16,5,107,Pinus ponderosa,16.1,82,51,51,L,0,,0,1,1
PRE,17-Aug-16,7,427,Pinus ponderosa,16,93,51,30.5,L,0,,0.1,2,1
PRE,22-Aug-16,1,3668,Pinus ponderosa,15.7,28,,,D,0,,0,1,
PRE,20-Sep-16,17,170,Pinus ponderosa,15.6,61,25,25,L,0,,3,7,1
PRE,10-Sep-16,15,1208,Pinus ponderosa,15.3,70,48,43,L,0,,1,10,1
PRE,22-Aug-16,17,719,Pinus ponderosa,15.3,89,50,50,L,0,,0,0,1
PRE,22-Aug-16,3,3694,Pinus ponderosa,15.1,87,46,46,L,0,,0.1,2,1
PRE,22-Aug-16,5,105,Pinus ponderosa,15.1,83,51,51,L,0,,0,1,1
PRE,10-Sep-16,15,1207,Pinus ponderosa,15,66,27,27,L,0,,0,8,1
PRE,17-Aug-16,17,3652,Pinus ponderosa,14.8,99,64,7,L,0,,,,1
PRE,22-Aug-16,1,3667,Pinus ponderosa,14.5,81,47,47,L,0,,0,7,1
PRE,22-Aug-16,2,3680,Pinus ponderosa,14.5,78,43,43,L,0,,0,0,1
PRE,22-Aug-16,3,3686,Pinus ponderosa,14.5,87,29,22,L,0,,1,3,1
PRE,17-Aug-16,9,431,Pinus ponderosa,14.4,81,40,29,L,0,,1,5,1
PRE,22-Aug-16,7,131,Pinus ponderosa,14.4,84,44,44,L,0,,0,1,1
PRE,17-Aug-16,1,401,Pseudotsuga menziesii,14.3,82,19,4.5,L,0,,0.1,2,1
PRE,22-Aug-16,11,703,Pinus ponderosa,14.2,78,37,37,L,0,,0,1,1
PRE,22-Aug-16,7,119,Pinus ponderosa,14.1,73,49,49,L,0,,1,2,1
PRE,10-Sep-16,9,970,Pinus ponderosa,14,78,33,18,L,0,,3,9,1
PRE,22-Aug-16,3,3688,Pinus ponderosa,14,86,30,28,L,0,,0,1,1
PRE,10-Sep-16,9,971,Pinus ponderosa,13.8,78,26,17,L,0,,1,10,1
PRE,10-Sep-16,17,1236,Pinus ponderosa,13.8,87,28,13,L,0,,0,1,1
PRE,17-Aug-16,15,498,Pinus ponderosa,13.7,78,35,26,L,0,,5,7,1
PRE,20-Sep-16,19,193,Pinus ponderosa,13.6,64,43,43,L,0,,1,5,1
PRE,17-Aug-16,5,420,Pinus ponderosa,13.6,75,43,29.5,L,0,,0.5,3,1
PRE,20-Sep-16,15,153,Pinus ponderosa,13.4,57,19,10,L,0,,0,1,1
PRE,17-Aug-16,1,403,Pseudotsuga menziesii,13.4,76,20,4,L,0,,2,6,1
PRE,22-Aug-16,3,3693,Pinus ponderosa,13.2,69,24,21,L,0,,0,1,1
PRE,22-Aug-16,1,3676,Pseudotsuga menziesii,13.1,90,66,66,L,0,,0,0,1
PRE,22-Aug-16,7,123,Pinus ponderosa,13,76,41,35,L,0,,0,2,1
PRE,12-Sep-16,3,1349,Pinus ponderosa,12.8,74,37,31,L,0,,0.1,8,1
PRE,10-Sep-16,9,975,Pinus ponderosa,12.8,43,15,8,L,0,,0,0,1
PRE,10-Sep-16,9,978,Pinus ponderosa,12.6,59,18,13,L,0,,1,4,1
PRE,17-Aug-16,11,465,Larix occidentalis,12.5,81,40,40,L,0,,,,1
PRE,23-Sep-16,17,141,Pinus ponderosa,12.3,63,36,14,L,0,,3,8,1
PRE,17-Aug-16,1,405,Pseudotsuga menziesii,12.3,77,32,2.5,L,0,,0,3,1
PRE,17-Aug-16,9,430,Pseudotsuga menziesii,12,78,33,22,L,0,,0,3,1
PRE,22-Aug-16,5,113,Pinus ponderosa,11.7,72,52,52,L,0,,0,1,1
PRE,20-Sep-16,7,451,Pseudotsuga menziesii,11.4,39,,15,D,0,,0.1,2,
PRE,10-Sep-16,9,979,Pinus ponderosa,11,58,14,12,L,0,,1,2,1
PRE,17-Aug-16,1,408,Larix occidentalis,11,96,49,49,L,0,,0.1,1,1
PRE,17-Aug-16,1,406,Pinus contorta var. latifolia,10.7,78,25,4,L,0,,0.1,0.1,1
PRE,17-Aug-16,17,3658,Pinus contorta var. latifolia,10.7,74,40,28,L,0,,0.5,3,1
PRE,20-Sep-16,1,296,Pinus ponderosa,10.5,56,25,9,L,0,,0.1,4,1
PRE,20-Sep-16,1,299,Pinus ponderosa,10.4,55,20,14,L,0,,1,6,1
PRE,20-Sep-16,9,461,Larix occidentalis,10.4,59,28,24,L,0,,0.1,3,1
PRE,22-Aug-16,17,726,Pseudotsuga menziesii,10.1,51,28,28,L,0,,0,0,1
PRE,17-Aug-16,17,3654,Larix occidentalis,10,88,56,56,L,0,,0.1,0.5,1
PRE,10-Sep-16,19,1300,Pinus ponderosa,9.8,53,21,21,L,0,,0.1,0.1,1
PRE,12-Sep-16,1,1331,Pinus ponderosa,9.5,70,24,15,L,0,,0.1,1,1
PRE,22-Aug-16,2,3681,Pseudotsuga menziesii,9.5,54,15,15,L,0,,0,0,1
PRE,22-Aug-16,2,3685,Pseudotsuga menziesii,9.4,55,19,19,L,0,,0,1,1
PRE,22-Aug-16,17,716,Pseudotsuga menziesii,9.4,69,57,45,L,0,,0,0,1
PRE,22-Aug-16,5,115,Pinus ponderosa,9.3,63,34,34,L,0,,0,1,1
PRE,17-Aug-16,5,416,Pinus ponderosa,9.2,81,43,35,L,0,,0.5,4,1
PRE,17-Aug-16,7,424,Pinus ponderosa,9,62,27,6,L,0,,1,3,1
PRE,17-Aug-16,9,428,Pseudotsuga menziesii,9,64,26,5.5,L,0,,0,2,1
PRE,22-Aug-16,7,127,Pinus ponderosa,8.9,45,14,8,L,0,,0,2,1
PRE,22-Aug-16,1,3675,Pseudotsuga menziesii,8.8,58,15,6,L,0,,0,2,1
PRE,22-Aug-16,7,125,Pinus ponderosa,8.6,59,24,24,L,0,,0,1,1
PRE,10-Sep-16,19,1299,Pinus contorta var. latifolia,8.4,43,32,23,L,0,,0.1,1,1
PRE,17-Aug-16,9,429,Pseudotsuga menziesii,8.4,67,29,27,L,0,,0,4,1
PRE,22-Aug-16,2,3682,Pseudotsuga menziesii,8.3,46,15,6,L,0,,4,5,1
PRE,22-Aug-16,7,126,Pinus ponderosa,8.3,64,35,35,L,0,,0,1,1
PRE,17-Aug-16,7,422,Pinus ponderosa,8.2,64,16,8.5,L,0,,0,3,1
PRE,23-Sep-16,1,517,Pinus ponderosa,8,51,19,3,L,0,,0,2.5,1
PRE,17-Aug-16,19,3664,Pinus ponderosa,8,35,15,5,L,0,,0,0.5,1
PRE,22-Aug-16,11,705,Pinus ponderosa,8,46,29,17,L,0,,0,1,1
PRE,22-Aug-16,17,722,Pinus ponderosa,8,40,23,23,L,0,,0,1,1
PRE,10-Sep-16,15,3599,Pinus ponderosa,7.9,45,18,18,L,0,,0.1,7,1
PRE,17-Aug-16,1,402,Pinus ponderosa,7.9,67,28,19,L,0,,0.1,2,1
PRE,20-Sep-16,9,458,Larix occidentalis,7.8,59,32,28,L,0,,0.1,1,1
PRE,10-Sep-16,15,3584,Pinus ponderosa,7.6,37,12,9,L,0,,0,2,1
PRE,22-Aug-16,3,3689,Pinus ponderosa,7.6,59,28,28,L,0,,1,2,1
PRE,22-Aug-16,5,101,Pinus ponderosa,7.5,65,36,36,L,0,,0,1,1
PRE,22-Aug-16,7,132,Pinus ponderosa,7.5,46,20,9,L,0,,0,1,1
PRE,17-Aug-16,15,497,Larix occidentalis,7.4,71,18,18,L,0,,0.5,2,1
PRE,20-Sep-16,7,433,Pinus ponderosa,7.2,28,,10,D,0,,,,
PRE,20-Sep-16,9,454,Pseudotsuga menziesii,7.2,36,11,2,L,0,,0,0.1,1
PRE,22-Aug-16,7,129,Pinus ponderosa,7.2,54,38,38,L,0,,1,4,1
PRE,23-Sep-16,1,515,Pinus ponderosa,7.1,49,23,3,L,0,,0.5,2,1
PRE,22-Aug-16,1,3673,Pseudotsuga menziesii,7,40,8,8,L,0,,0,0,1
PRE,23-Sep-16,3,509,Pinus ponderosa,6.8,28,10,3,L,0,,2,5.5,1
PRE,22-Aug-16,5,3700,Pinus ponderosa,6.8,56,27,27,L,0,,0.1,2,1
PRE,10-Sep-16,15,1201,Pinus ponderosa,6.7,35,19,17,L,0,,0,4,1
PRE,22-Aug-16,5,103,Pinus ponderosa,6.7,62,25,25,L,0,,0,2,1
PRE,22-Aug-16,5,102,Pinus ponderosa,6.7,64,27,27,L,0,,0,2,1
PRE,22-Aug-16,17,718,Pseudotsuga menziesii,6.7,40,18,18,L,0,,0,1,1
PRE,23-Sep-16,1,513,Pinus ponderosa,6.4,33,22,3,L,0,,0.5,5.5,1
PRE,10-Sep-16,9,976,Pinus ponderosa,6.3,40,13,7,L,0,,0,0,1
PRE,22-Aug-16,5,104,Pinus ponderosa,6.3,41,22,22,L,0,,0.1,4,1
PRE,22-Aug-16,17,721,Pinus ponderosa,6.3,39,12,12,L,0,,0,0,1
PRE,20-Sep-16,1,401,Pinus ponderosa,6.2,44,17,4,L,0,,3,7,1
PRE,17-Aug-16,7,426,Pinus ponderosa,6.1,52,29,5,L,0,,0,6,1
PRE,17-Aug-16,11,460,Larix occidentalis,5.9,58,,29,D,0,,,,
PRE,23-Sep-16,1,522,Pinus ponderosa,5.6,37,11,5,L,0,,0,3,1
PRE,22-Aug-16,5,112,Pinus ponderosa,5.6,45,27,27,L,0,,0,1,1
PRE,17-Aug-16,11,441,Pseudotsuga menziesii,5.3,37,13,3,L,0,,,,1
PRE,20-Sep-16,13,2459,Pinus ponderosa,5.1,39,27,9,L,0,,0.1,3,1
PRE,20-Sep-16,19,181,Pseudotsuga menziesii,5.1,35,9,1,L,0,,0.1,6,1
PRE,17-Aug-16,11,432,Larix occidentalis,5.1,42,15,15,L,0,,,,1
PRE,17-Aug-16,11,434,Pseudotsuga menziesii,5.1,36,14,6,L,0,,,,1
PRE,20-Sep-16,9,455,Pinus ponderosa,5,28,16,6,L,0,,,,1
PRE,17-Aug-16,11,437,Larix occidentalis,5,45,17,17,L,0,,,,1
PRE,20-Sep-16,9,452,Larix occidentalis,4.9,13,,3,D,0,,,,
PRE,12-Sep-16,15,86,Abies grandis,4.9,42,8,5,L,0,,0,0,1
PRE,17-Aug-16,7,425,Pinus ponderosa,4.6,48,21,6.5,L,0,,0.1,7,1
PRE,20-Sep-16,15,157,Pinus ponderosa,4.4,22,11,4,L,0,,0,0,1
PRE,20-Sep-16,1,300,Pinus ponderosa,4.3,24,13,13,L,0,,,,1
PRE,10-Sep-16,15,3581,Pinus ponderosa,4.3,23,12,11,L,0,,0,2,1
PRE,17-Aug-16,11,459,Pseudotsuga menziesii,4.1,26,8.5,4,L,0,,,,1
PRE,20-Sep-16,9,456,Pinus ponderosa,3.7,22,12,3,L,0,,,,1
PRE,20-Sep-16,1,295,Pinus ponderosa,3.6,24,10,10,L,0,,0.1,4,1
PRE,12-Sep-16,15,85,Abies grandis,3.5,29,14,11,L,0,,0,0,1
PRE,20-Sep-16,15,160,Pseudotsuga menziesii,3.4,22,15,12,L,0,,0.1,0.1,1
PRE,20-Sep-16,7,434,Pseudotsuga menziesii,3.3,26,9,1,L,0,,0.1,3,1
PRE,20-Sep-16,7,435,Pseudotsuga menziesii,2.5,20,11,1,L,0,,0,1,1
PRE,12-Sep-16,15,84,Abies grandis,2.4,22,10,9,L,0,,0,0,1
PRE,17-Aug-16,11,433,Pseudotsuga menziesii,2.2,17,5,2,L,0,,,,1
PRE,17-Aug-16,11,461,Pseudotsuga menziesii,2.2,16,11,3.5,L,0,,,,1
PRE,10-Sep-16,9,974,Pinus contorta var. latifolia,2.1,12,3,2,L,0,,0,0,1
PRE,17-Aug-16,11,464,Pseudotsuga menziesii,2,15,12,4,L,0,,,,1
PRE,10-Sep-16,13,3362,Pinus contorta var. latifolia,1.8,10,2,2,L,0,,0,0,1
PRE,17-Aug-16,11,447,Pseudotsuga menziesii,1.8,10.2,2,1,L,0,,,,1
PRE,12-Sep-16,15,83,Abies grandis,1.7,15,7,5,L,0,,0,0.1,1
PRE,12-Sep-16,15,87,Pseudotsuga menziesii,1.7,12,6,4,L,0,,0,0,1
PRE,10-Sep-16,15,1205,Pinus ponderosa,1.6,13,12,11,L,0,,0.1,2,1
PRE,17-Aug-16,13,489,Pseudotsuga menziesii,1.6,10,2.5,2,L,0,,,,1
PRE,10-Sep-16,15,3585,Pinus ponderosa,1.5,10,8,7,L,0,,0.1,1,1
PRE,10-Sep-16,17,1233,Pinus contorta var. latifolia,1.5,11,1,1,L,0,,0,0,1
PRE,10-Sep-16,17,1232,Pinus contorta var. latifolia,1.4,11,3,1,L,0,,0,0,1
PRE,10-Sep-16,19,1265,Pinus contorta var. latifolia,1.4,10,1,1,L,0,,0,0,1
PRE,17-Aug-16,13,474,Pseudotsuga menziesii,1.4,10,4,2,L,0,,,,1
PRE,17-Aug-16,15,495,Pseudotsuga menziesii,1.4,9,4,2.5,L,0,,,,1
PRE,10-Sep-16,15,3588,Pinus ponderosa,1.3,9,6,6,L,0,,0.1,1,1
PRE,17-Aug-16,11,462,Pseudotsuga menziesii,1.3,12,4,4,L,0,,,,1
PRE,10-Sep-16,13,3557,Pinus contorta var. latifolia,1.2,9,0,0,L,0,,0,0,1
PRE,10-Sep-16,19,1269,Pinus contorta var. latifolia,1.2,8,1,1,L,0,,0,0,1
PRE,17-Aug-16,11,439,Pseudotsuga menziesii,1.1,12,6,1,L,0,,,,1
PRE,17-Aug-16,17,3653,Pseudotsuga menziesii,1.1,8,5.5,3.5,L,0,,0.1,0.5,1
PRE,12-Sep-16,15,88,Pseudotsuga menziesii,1,9,7,6,L,0,,0,0,1
PRE,10-Sep-16,13,3363,Pinus contorta var. latifolia,1,7,3,1,L,0,,0,0,1
PRE,10-Sep-16,13,3558,Pinus contorta var. latifolia,1,8,2,2,L,0,,0,0,1
PRE,10-Sep-16,15,3586,Pinus ponderosa,1,7,,,D,0,,0.1,1,1
PRE,10-Sep-16,19,1263,Pinus contorta var. latifolia,1,9,2,1,L,0,,0,0,1
PRE,17-Aug-16,11,454,Pinus contorta var. latifolia,1,8.3,3.5,3.5,L,0,,,,1
PRE,17-Aug-16,11,436,Pseudotsuga menziesii,1,8.1,6,5,L,0,,,,1
PRE,17-Aug-16,13,490,Larix occidentalis,1,9.8,3,2.5,L,0,,,,1
PRE,17-Aug-16,13,467,Pseudotsuga menziesii,1,9,3,3,L,0,,0,0.1,1
PRE,10-Sep-16,15,3587,Pinus ponderosa,0.9,8,6,5,L,0,,0.1,1,1
PRE,10-Sep-16,17,1229,Pinus contorta var. latifolia,0.9,9,2,1,L,0,,0,0,1
PRE,10-Sep-16,19,1264,Pinus contorta var. latifolia,0.9,8,1,1,L,0,,0,0,1
PRE,10-Sep-16,19,1249,Pinus contorta var. latifolia,0.9,9,2,1,L,0,,0,0,1
PRE,10-Sep-16,19,1309,Pinus contorta var. latifolia,0.9,7,3,1,L,0,,0,0,1
PRE,17-Aug-16,11,452,Pseudotsuga menziesii,0.9,7.5,1.5,1.5,L,0,,,,1
PRE,20-Sep-16,7,450,Pseudotsuga menziesii,0.8,7,2,1,L,0,,,,1
PRE,10-Sep-16,7,960,Pinus contorta var. latifolia,0.8,5,3,0,L,0,,0,0,1
PRE,10-Sep-16,7,961,Pinus contorta var. latifolia,0.8,5,3,1,L,0,,0,0,1
PRE,10-Sep-16,13,3360,Pinus contorta var. latifolia,0.8,6,1,1,L,0,,0,0,1
PRE,10-Sep-16,17,1235,Pinus contorta var. latifolia,0.8,7,1,1,L,0,,0,0,1
PRE,10-Sep-16,19,1253,Pinus contorta var. latifolia,0.8,8,1,1,L,0,,0.1,0.1,1
PRE,10-Sep-16,19,1289,Pinus contorta var. latifolia,0.8,7,2,1,L,0,,0,0,1
PRE,23-Sep-16,19,149,Salix spp.,0.7,9,4,4,L,0,,1,1.5,1
PRE,12-Sep-16,15,93,Pseudotsuga menziesii,0.7,8,5,3,L,0,,0,0,1
PRE,10-Sep-16,13,3361,Pinus contorta var. latifolia,0.7,5,1,1,L,0,,0,0,1
PRE,10-Sep-16,19,1244,Pinus contorta var. latifolia,0.7,7,1,1,L,0,,0,0,1
PRE,10-Sep-16,19,1260,Pinus contorta var. latifolia,0.7,7,3,1,L,0,,0,0,1
PRE,10-Sep-16,19,1290,Pinus contorta var. latifolia,0.7,7,1,1,L,0,,0,0,1
PRE,17-Aug-16,11,443,Pseudotsuga menziesii,0.7,6.9,3.5,2.5,L,0,,,,1
PRE,17-Aug-16,11,455,Pseudotsuga menziesii,0.7,6.9,3,2,L,0,,,,1
PRE,17-Aug-16,13,487,Pseudotsuga menziesii,0.7,7.9,3,2,L,0,,,,1
PRE,12-Sep-16,15,90,Abies grandis,0.6,6,5,4,L,0,,0,0,1
PRE,12-Sep-16,15,89,Pseudotsuga menziesii,0.6,7,5,5,L,0,,0,0,1
PRE,10-Sep-16,17,1234,Pinus contorta var. latifolia,0.6,7,1,1,L,0,,0,0,1
PRE,10-Sep-16,19,1245,Pinus contorta var. latifolia,0.6,8,1,1,L,0,,0,0,1
PRE,10-Sep-16,19,1261,Pinus contorta var. latifolia,0.6,7,2,1,L,0,,0,0,1
PRE,10-Sep-16,19,1254,Pinus contorta var. latifolia,0.6,7,2,1,L,0,,0.1,0.1,1
PRE,10-Sep-16,19,1288,Pinus contorta var. latifolia,0.6,6,2,1,L,0,,0,0,1
PRE,10-Sep-16,19,1287,Pinus contorta var. latifolia,0.6,6,1,1,L,0,,0,0,1
PRE,10-Sep-16,19,1276,Pinus contorta var. latifolia,0.6,7,3,1,L,0,,0,0,1
PRE,10-Sep-16,19,1274,Pinus contorta var. latifolia,0.6,7,2,1,L,0,,0,0,1
PRE,10-Sep-16,19,1303,Pinus contorta var. latifolia,0.6,7,1,1,L,0,,0,0,1
PRE,20-Sep-16,17,178,Pinus ponderosa,0.5,5,3,1,L,0,,0,0,1
PRE,10-Sep-16,7,956,Pinus contorta var. latifolia,0.5,5,2,1,L,0,,0,0,1
PRE,10-Sep-16,13,3366,Pinus ponderosa,0.5,6,4,2,L,0,,0,0,1
PRE,10-Sep-16,17,1230,Pinus contorta var. latifolia,0.5,7,5,1,L,0,,0,0,1
PRE,10-Sep-16,17,1231,Pinus contorta var. latifolia,0.5,9,3,0,L,0,,0,0,1
PRE,10-Sep-16,19,1304,Pinus contorta var. latifolia,0.5,6,2,1,L,0,,0,0,1
PRE,10-Sep-16,19,1268,Pinus contorta var. latifolia,0.5,6,2,1,L,0,,0,0,1
PRE,10-Sep-16,19,1275,Pinus contorta var. latifolia,0.5,6,1,1,L,0,,0,0,1
PRE,10-Sep-16,19,1286,Pinus contorta var. latifolia,0.5,5,2,1,L,0,,0,0,1
PRE,10-Sep-16,19,1306,Pinus contorta var. latifolia,0.5,7,1,1,L,0,,0,0,1
PRE,10-Sep-16,19,1305,Pinus contorta var. latifolia,0.5,6,2,1,L,0,,0,0,1
PRE,10-Sep-16,19,1283,Pinus contorta var. latifolia,0.5,6,2,1,L,0,,0,0,1
PRE,10-Sep-16,19,1255,Pinus ponderosa,0.5,6,1,1,L,0,,0.1,0.1,1
PRE,10-Sep-16,19,1246,Pseudotsuga menziesii,0.5,7,1,1,L,0,,0,0,1
PRE,17-Aug-16,11,456,Pseudotsuga menziesii,0.5,5.9,1.5,1,L,0,,,,1
PRE,17-Aug-16,13,488,Pseudotsuga menziesii,0.5,6.9,3,2.5,L,0,,,,1
PRE,17-Aug-16,13,493,Pseudotsuga menziesii,0.5,6,3,2.5,L,0,,,,1
PRE,23-Sep-16,9,546,Salix spp.,0.4,7,4,4,L,0,,0,0,1
PRE,10-Sep-16,7,957,Pinus contorta var. latifolia,0.4,6,2,1,L,0,,0,0,1
PRE,10-Sep-16,13,3559,Pinus contorta var. latifolia,0.4,6,3,2,L,0,,0,0,1
PRE,10-Sep-16,13,3364,Pinus ponderosa,0.4,5,4,3,L,0,,0,0,1
PRE,10-Sep-16,13,3367,Pinus ponderosa,0.4,6,4,2,L,0,,0,0,1
PRE,10-Sep-16,13,3365,Pinus ponderosa,0.4,6,2,1,L,0,,0,0,1
PRE,10-Sep-16,19,1258,Pinus contorta var. latifolia,0.4,6,2,1,L,0,,0,0,1
PRE,17-Aug-16,11,444,Pseudotsuga menziesii,0.4,5.8,2.5,1,L,0,,,,1
PRE,17-Aug-16,11,457,Pseudotsuga menziesii,0.4,5.8,1.5,1.5,L,0,,,,1
PRE,17-Aug-16,13,484,Pseudotsuga menziesii,0.4,5.9,2.5,1,L,0,,,,1
PRE,10-Sep-16,13,3568,Pinus contorta var. latifolia,0.3,5,1,1,L,0,,0,0,1
PRE,10-Sep-16,13,3569,Pinus ponderosa,0.3,5,3,1,L,0,,0,0,1
PRE,10-Sep-16,19,1248,Pinus contorta var. latifolia,0.3,5,2,1,L,0,,0,0,1
PRE,10-Sep-16,19,1271,Pinus contorta var. latifolia,0.3,6,2,2,L,0,,0,0,1
PRE,10-Sep-16,19,1270,Pinus contorta var. latifolia,0.3,6,2,2,L,0,,0,0,1
PRE,10-Sep-16,19,1291,Pinus contorta var. latifolia,0.3,5,1,1,L,0,,0,0,1
PRE,10-Sep-16,19,1251,Pinus ponderosa,0.3,5,1,1,L,0,,0,0.1,1
PRE,10-Sep-16,19,1266,Pseudotsuga menziesii,0.3,6,2,1,L,0,,0,0,1
PRE,17-Aug-16,11,451,Pseudotsuga menziesii,0.3,4.8,2.5,1,L,0,,,,1
PRE,17-Aug-16,13,485,Larix occidentalis,0.3,6.6,1.5,1,L,0,,,,1
PRE,17-Aug-16,13,466,Pseudotsuga menziesii,0.3,5,1.5,1.5,L,0,,,,1
PRE,17-Aug-16,15,494,Pseudotsuga menziesii,0.3,5.2,2.5,1.5,L,0,,,,1
PRE,17-Aug-16,11,450,Pseudotsuga menziesii,0.2,4.9,2,1.5,L,0,,,,1
PRE,17-Aug-16,11,449,Pseudotsuga menziesii,0.2,4.6,2,2,L,0,,,,1
PRE,17-Aug-16,13,486,Pseudotsuga menziesii,0.2,5.8,2,1.5,L,0,,,,1
PRE,17-Aug-16,13,479,Pseudotsuga menziesii,0.2,4.8,2,2,L,0,,,,1
PRE,17-Aug-16,7,421,Pinus ponderosa,30.7,61,,,D,,,0,5,
PRE,10-Sep-16,13,3575,Pinus contorta var. latifolia,19,90,34,10,L,,,,,
PRE,23-Sep-16,5,531,Pseudotsuga menziesii,18.3,8,,,D,,,0,0,
PRE,22-Aug-16,5,3698,Pinus ponderosa,17.1,15,,,D,,,0,0,1
PRE,23-Sep-16,7,539,Pinus ponderosa,14.5,12,,,D,,,0.5,8,
PRE,22-Aug-16,7,122,Pinus ponderosa,14.3,9,,,D,,,0,1,
PRE,22-Aug-16,7,121,Pinus ponderosa,13.9,33,,29,D,,,0,0,
PRE,17-Aug-16,5,418,Pinus ponderosa,12.5,71,,26,D,,,0.1,5,
PRE,22-Aug-16,9,140,Pinus ponderosa,12.5,18,,,D,,,0,3,
PRE,20-Sep-16,11,496,Larix occidentalis,11.5,32,,26,D,,,8,16,
PRE,20-Sep-16,11,2425,Larix occidentalis,10.2,74,,6,D,,,11,12,
PRE,20-Sep-16,11,2430,Larix occidentalis,10.2,68,,,D,,,,,
PRE,17-Aug-16,15,499,Pseudotsuga menziesii,9.7,39,,2.5,D,,,2,4.5,
PRE,22-Aug-16,11,701,Pinus ponderosa,9.7,6,,,D,,,,,
PRE,22-Aug-16,7,124,Pinus ponderosa,8,12,,,D,,,0,2,
PRE,22-Aug-16,11,704,Pseudotsuga menziesii,8,39,,9,D,,,0,6,
PRE,20-Sep-16,11,2438,Larix occidentalis,7.9,18,,,D,,,3,10,
PRE,17-Aug-16,17,3655,Pinus ponderosa,7.7,51,,24,D,,,0.1,1.5,
PRE,17-Aug-16,5,419,Pinus ponderosa,7.3,52,,42,D,,,0.1,6,
PRE,22-Aug-16,5,110,Pinus ponderosa,7.2,34,,,D,,,,,
PRE,22-Aug-16,17,720,Pinus ponderosa,6.8,8,,,D,,,0,0,
PRE,17-Aug-16,19,3659,Pseudotsuga menziesii,6.3,26,,1,D,,,,,
PRE,22-Aug-16,7,120,Pinus ponderosa,6.3,17,,,D,,,0,1,
PRE,12-Sep-16,5,26,Pinus ponderosa,5.9,31,,21,D,,,5,13,
PRE,22-Aug-16,9,136,Pinus ponderosa,5.6,10,,,D,,,0,1,
PRE,17-Aug-16,5,417,Pinus contorta var. latifolia,5.5,19,,6,D,,,1,5,
PRE,22-Aug-16,5,111,Pinus ponderosa,5.5,21,,,D,,,0,1,1
PRE,17-Aug-16,11,438,Larix occidentalis,5.3,9.5,,,D,,,,,
PRE,22-Aug-16,17,723,Pinus ponderosa,5,8,,,D,,,0,4,
PRE,10-Sep-16,7,935,Pinus ponderosa,4.8,40,,,D,,,3,7,
PRE,20-Sep-16,11,2419,Larix occidentalis,4.7,18,,6,D,,18,3,6,3
PRE,20-Sep-16,13,2468,Pseudotsuga menziesii,4.5,8,,1,D,,,0.1,1,
PRE,17-Aug-16,17,3651,Pinus ponderosa,4.4,19,,7,D,,,,,
PRE,17-Aug-16,11,458,Pseudotsuga menziesii,4.3,21,,4,D,,,,,
PRE,17-Aug-16,11,440,Larix occidentalis,4.1,34,,20,D,,,,,
PRE,23-Sep-16,1,516,Pinus ponderosa,3.7,17,,7,D,,,0.5,1.5,
PRE,20-Sep-16,11,489,Pseudotsuga menziesii,3.2,30,,8,D,,,5,10,
PRE,17-Aug-16,11,435,Larix occidentalis,3.2,41,,29,D,,,,,
PRE,20-Sep-16,9,473,Pseudotsuga menziesii,3.1,31,,4,D,,,0.1,4,
PRE,17-Aug-16,13,492,Pseudotsuga menziesii,3,18,,4,D,,,1,3,
PRE,10-Sep-16,15,3591,Pinus ponderosa,2.8,18,,,D,,,0.1,1,
PRE,10-Sep-16,9,973,Pinus ponderosa,2.2,11,,,D,,,0,0,
PRE,10-Sep-16,15,3590,Pinus ponderosa,2.2,18,,,D,,,0.1,2,
PRE,20-Sep-16,13,2478,Pinus ponderosa,1.8,12,,5,D,,,4,5,
PRE,17-Aug-16,17,3657,Pseudotsuga menziesii,1.8,20,,4,D,,,0.1,0.1,
PRE,20-Sep-16,11,2442,Pseudotsuga menziesii,1.7,15,,9,D,,,2,6,
PRE,17-Aug-16,11,463,Pseudotsuga menziesii,1.6,10,,3,D,,,,,
PRE,10-Sep-16,11,983,Pinus ponderosa,1.4,11,,1,D,,,0.1,2,
PRE,10-Sep-16,15,1209,Pinus ponderosa,1.2,6,,,D,,,0.1,0.1,
PRE,10-Sep-16,9,972,Pseudotsuga menziesii,0.7,6,1,1,L,,,,,
PRE,10-Sep-16,11,993,Pinus ponderosa,0.6,6,,1,D,,,3,3,
PRE,10-Sep-16,17,1223,Unknown species,0.4,5,,,D,,,0.1,0.1,
PRE,10-Sep-16,19,1308,Pinus contorta var. latifolia,0.4,5,,,D,,,0,0,
PRE,23-Sep-16,5,532,Salix spp.,0.3,7,,,D,,,0,0,
